Workbook

Sheet Summary (Non Solo)
A1: TECMO PASSING RECORDS
A2: Most Attempts
A3: =IFERROR(__xludf.DUMMYFUNCTION("query(Passing!A2:P178, ""select * where P = 'No' order by D desc limit 3"",1)"),"POS") -> POS | B3: =IFERROR(__xludf.DUMMYFUNCTION("""COMPUTED_VALUE"""),"Last Name") -> Last Name | C3: =IFERROR(__xludf.DUMMYFUNCTION("""COMPUTED_VALUE"""),"First Name") -> First Name | D3: =IFERROR(__xludf.DUMMYFUNCTION("""COMPUTED_VALUE"""),"ATT") -> ATT | E3: =IFERROR(__xludf.DUMMYFUNCTION("""COMPUTED_VALUE"""),"COMPS") -> COMPS | F3: =IFERROR(__xludf.DUMMYFUNCTION("""COMPUTED_VALUE"""),"COMP %") -> COMP % | G3: =IFERROR(__xludf.DUMMYFUNCTION("""COMPUTED_VALUE"""),"YDS") -> YDS | H3: =IFERROR(__xludf.DUMMYFUNCTION("""COMPUTED_VALUE"""),"AVG YDS") -> AVG YDS | I3: =IFERROR(__xludf.DUMMYFUNCTION("""COMPUTED_VALUE"""),"TD") -> TD | J3: =IFERROR(__xludf.DUMMYFUNCTION("""COMPUTED_VALUE"""),"INT") -> INT | K3: =IFERROR(__xludf.DUMMYFUNCTION("""COMPUTED_VALUE"""),"RATING") -> RATING | L3: =IFERROR(__xludf.DUMMYFUNCTION("""COMPUTED_VALUE"""),"Team") -> Team | M3: =IFERROR(__xludf.DUMMYFUNCTION("""COMPUTED_VALUE"""),"User") -> User | N3: =IFERROR(__xludf.DUMMYFUNCTION("""COMPUTED_VALUE"""),"Season") -> Season | O3: =IFERROR(__xludf.DUMMYFUNCTION("""COMPUTED_VALUE"""),"Year") -> Year | P3: =IFERROR(__xludf.DUMMYFUNCTION("""COMPUTED_VALUE"""),"Solo") -> Solo
A4: =IFERROR(__xludf.DUMMYFUNCTION("""COMPUTED_VALUE"""),"QB") -> QB | B4: =IFERROR(__xludf.DUMMYFUNCTION("""COMPUTED_VALUE"""),"Moon") -> Moon | C4: =IFERROR(__xludf.DUMMYFUNCTION("""COMPUTED_VALUE"""),"Warren") -> Warren | D4: =IFERROR(__xludf.DUMMYFUNCTION("""COMPUTED_VALUE"""),316.0) -> 316 | E4: =IFERROR(__xludf.DUMMYFUNCTION("""COMPUTED_VALUE"""),200.0) -> 200 | F4: =IFERROR(__xludf.DUMMYFUNCTION("""COMPUTED_VALUE"""),63.2) -> 63.2 | G4: =IFERROR(__xludf.DUMMYFUNCTION("""COMPUTED_VALUE"""),6365.0) -> 6365 | H4: =IFERROR(__xludf.DUMMYFUNCTION("""COMPUTED_VALUE"""),20.1) -> 20.1 | I4: =IFERROR(__xludf.DUMMYFUNCTION("""COMPUTED_VALUE"""),80.0) -> 80 | J4: =IFERROR(__xludf.DUMMYFUNCTION("""COMPUTED_VALUE"""),6.0) -> 6 | K4: =IFERROR(__xludf.DUMMYFUNCTION("""COMPUTED_VALUE"""),197.2) -> 197.2 | L4: =IFERROR(__xludf.DUMMYFUNCTION("""COMPUTED_VALUE"""),"HOU") -> HOU | M4: =IFERROR(__xludf.DUMMYFUNCTION("""COMPUTED_VALUE"""),"WB") -> WB | N4: =IFERROR(__xludf.DUMMYFUNCTION("""COMPUTED_VALUE"""),6.0) -> 6 | O4: =IFERROR(__xludf.DUMMYFUNCTION("""COMPUTED_VALUE"""),2011.0) -> 2011 | P4: =IFERROR(__xludf.DUMMYFUNCTION("""COMPUTED_VALUE"""),"No") -> No
A5: =IFERROR(__xludf.DUMMYFUNCTION("""COMPUTED_VALUE"""),"QB") -> QB | B5: =IFERROR(__xludf.DUMMYFUNCTION("""COMPUTED_VALUE"""),"Moon") -> Moon | C5: =IFERROR(__xludf.DUMMYFUNCTION("""COMPUTED_VALUE"""),"Warren") -> Warren | D5: =IFERROR(__xludf.DUMMYFUNCTION("""COMPUTED_VALUE"""),305.0) -> 305 | E5: =IFERROR(__xludf.DUMMYFUNCTION("""COMPUTED_VALUE"""),183.0) -> 183 | F5: =IFERROR(__xludf.DUMMYFUNCTION("""COMPUTED_VALUE"""),60.0) -> 60 | G5: =IFERROR(__xludf.DUMMYFUNCTION("""COMPUTED_VALUE"""),5822.0) -> 5822 | H5: =IFERROR(__xludf.DUMMYFUNCTION("""COMPUTED_VALUE"""),19.0) -> 19 | I5: =IFERROR(__xludf.DUMMYFUNCTION("""COMPUTED_VALUE"""),73.0) -> 73 | J5: =IFERROR(__xludf.DUMMYFUNCTION("""COMPUTED_VALUE"""),11.0) -> 11 | K5: =IFERROR(__xludf.DUMMYFUNCTION("""COMPUTED_VALUE"""),185.4) -> 185.4 | L5: =IFERROR(__xludf.DUMMYFUNCTION("""COMPUTED_VALUE"""),"HOU") -> HOU | M5: =IFERROR(__xludf.DUMMYFUNCTION("""COMPUTED_VALUE"""),"WB") -> WB | N5: =IFERROR(__xludf.DUMMYFUNCTION("""COMPUTED_VALUE"""),10.0) -> 10 | O5: =IFERROR(__xludf.DUMMYFUNCTION("""COMPUTED_VALUE"""),2018.0) -> 2018 | P5: =IFERROR(__xludf.DUMMYFUNCTION("""COMPUTED_VALUE"""),"No") -> No
A6: =IFERROR(__xludf.DUMMYFUNCTION("""COMPUTED_VALUE"""),"QB") -> QB | B6: =IFERROR(__xludf.DUMMYFUNCTION("""COMPUTED_VALUE"""),"Marino") -> Marino | C6: =IFERROR(__xludf.DUMMYFUNCTION("""COMPUTED_VALUE"""),"Dan") -> Dan | D6: =IFERROR(__xludf.DUMMYFUNCTION("""COMPUTED_VALUE"""),277.0) -> 277 | E6: =IFERROR(__xludf.DUMMYFUNCTION("""COMPUTED_VALUE"""),229.0) -> 229 | F6: =IFERROR(__xludf.DUMMYFUNCTION("""COMPUTED_VALUE"""),82.6) -> 82.6 | G6: =IFERROR(__xludf.DUMMYFUNCTION("""COMPUTED_VALUE"""),6743.0) -> 6743 | H6: =IFERROR(__xludf.DUMMYFUNCTION("""COMPUTED_VALUE"""),24.3) -> 24.3 | I6: =IFERROR(__xludf.DUMMYFUNCTION("""COMPUTED_VALUE"""),110.0) -> 110 | J6: =IFERROR(__xludf.DUMMYFUNCTION("""COMPUTED_VALUE"""),0.0) -> 0 | K6: =IFERROR(__xludf.DUMMYFUNCTION("""COMPUTED_VALUE"""),248.1) -> 248.1 | L6: =IFERROR(__xludf.DUMMYFUNCTION("""COMPUTED_VALUE"""),"MIA") -> MIA | M6: =IFERROR(__xludf.DUMMYFUNCTION("""COMPUTED_VALUE"""),"CJ") -> CJ | N6: =IFERROR(__xludf.DUMMYFUNCTION("""COMPUTED_VALUE"""),13.0) -> 13 | O6: =IFERROR(__xludf.DUMMYFUNCTION("""COMPUTED_VALUE"""),2021.0) -> 2021 | P6: =IFERROR(__xludf.DUMMYFUNCTION("""COMPUTED_VALUE"""),"No") -> No
A8: Most Completions
A9: =IFERROR(__xludf.DUMMYFUNCTION("query(Passing!A2:P178, ""select * where P = 'No' order by E desc limit 3"",1)"),"POS") -> POS | B9: =IFERROR(__xludf.DUMMYFUNCTION("""COMPUTED_VALUE"""),"Last Name") -> Last Name | C9: =IFERROR(__xludf.DUMMYFUNCTION("""COMPUTED_VALUE"""),"First Name") -> First Name | D9: =IFERROR(__xludf.DUMMYFUNCTION("""COMPUTED_VALUE"""),"ATT") -> ATT | E9: =IFERROR(__xludf.DUMMYFUNCTION("""COMPUTED_VALUE"""),"COMPS") -> COMPS | F9: =IFERROR(__xludf.DUMMYFUNCTION("""COMPUTED_VALUE"""),"COMP %") -> COMP % | G9: =IFERROR(__xludf.DUMMYFUNCTION("""COMPUTED_VALUE"""),"YDS") -> YDS | H9: =IFERROR(__xludf.DUMMYFUNCTION("""COMPUTED_VALUE"""),"AVG YDS") -> AVG YDS | I9: =IFERROR(__xludf.DUMMYFUNCTION("""COMPUTED_VALUE"""),"TD") -> TD | J9: =IFERROR(__xludf.DUMMYFUNCTION("""COMPUTED_VALUE"""),"INT") -> INT | K9: =IFERROR(__xludf.DUMMYFUNCTION("""COMPUTED_VALUE"""),"RATING") -> RATING | L9: =IFERROR(__xludf.DUMMYFUNCTION("""COMPUTED_VALUE"""),"Team") -> Team | M9: =IFERROR(__xludf.DUMMYFUNCTION("""COMPUTED_VALUE"""),"User") -> User | N9: =IFERROR(__xludf.DUMMYFUNCTION("""COMPUTED_VALUE"""),"Season") -> Season | O9: =IFERROR(__xludf.DUMMYFUNCTION("""COMPUTED_VALUE"""),"Year") -> Year | P9: =IFERROR(__xludf.DUMMYFUNCTION("""COMPUTED_VALUE"""),"Solo") -> Solo
A10: =IFERROR(__xludf.DUMMYFUNCTION("""COMPUTED_VALUE"""),"QB") -> QB | B10: =IFERROR(__xludf.DUMMYFUNCTION("""COMPUTED_VALUE"""),"Marino") -> Marino | C10: =IFERROR(__xludf.DUMMYFUNCTION("""COMPUTED_VALUE"""),"Dan") -> Dan | D10: =IFERROR(__xludf.DUMMYFUNCTION("""COMPUTED_VALUE"""),277.0) -> 277 | E10: =IFERROR(__xludf.DUMMYFUNCTION("""COMPUTED_VALUE"""),229.0) -> 229 | F10: =IFERROR(__xludf.DUMMYFUNCTION("""COMPUTED_VALUE"""),82.6) -> 82.6 | G10: =IFERROR(__xludf.DUMMYFUNCTION("""COMPUTED_VALUE"""),6743.0) -> 6743 | H10: =IFERROR(__xludf.DUMMYFUNCTION("""COMPUTED_VALUE"""),24.3) -> 24.3 | I10: =IFERROR(__xludf.DUMMYFUNCTION("""COMPUTED_VALUE"""),110.0) -> 110 | J10: =IFERROR(__xludf.DUMMYFUNCTION("""COMPUTED_VALUE"""),0.0) -> 0 | K10: =IFERROR(__xludf.DUMMYFUNCTION("""COMPUTED_VALUE"""),248.1) -> 248.1 | L10: =IFERROR(__xludf.DUMMYFUNCTION("""COMPUTED_VALUE"""),"MIA") -> MIA | M10: =IFERROR(__xludf.DUMMYFUNCTION("""COMPUTED_VALUE"""),"CJ") -> CJ | N10: =IFERROR(__xludf.DUMMYFUNCTION("""COMPUTED_VALUE"""),13.0) -> 13 | O10: =IFERROR(__xludf.DUMMYFUNCTION("""COMPUTED_VALUE"""),2021.0) -> 2021 | P10: =IFERROR(__xludf.DUMMYFUNCTION("""COMPUTED_VALUE"""),"No") -> No
A11: =IFERROR(__xludf.DUMMYFUNCTION("""COMPUTED_VALUE"""),"QB") -> QB | B11: =IFERROR(__xludf.DUMMYFUNCTION("""COMPUTED_VALUE"""),"Marino") -> Marino | C11: =IFERROR(__xludf.DUMMYFUNCTION("""COMPUTED_VALUE"""),"Dan") -> Dan | D11: =IFERROR(__xludf.DUMMYFUNCTION("""COMPUTED_VALUE"""),249.0) -> 249 | E11: =IFERROR(__xludf.DUMMYFUNCTION("""COMPUTED_VALUE"""),217.0) -> 217 | F11: =IFERROR(__xludf.DUMMYFUNCTION("""COMPUTED_VALUE"""),87.1) -> 87.1 | G11: =IFERROR(__xludf.DUMMYFUNCTION("""COMPUTED_VALUE"""),5129.0) -> 5129 | H11: =IFERROR(__xludf.DUMMYFUNCTION("""COMPUTED_VALUE"""),20.6) -> 20.6 | I11: =IFERROR(__xludf.DUMMYFUNCTION("""COMPUTED_VALUE"""),65.0) -> 65 | J11: =IFERROR(__xludf.DUMMYFUNCTION("""COMPUTED_VALUE"""),2.0) -> 2 | K11: =IFERROR(__xludf.DUMMYFUNCTION("""COMPUTED_VALUE"""),241.5) -> 241.5 | L11: =IFERROR(__xludf.DUMMYFUNCTION("""COMPUTED_VALUE"""),"MIA") -> MIA | M11: =IFERROR(__xludf.DUMMYFUNCTION("""COMPUTED_VALUE"""),"MA") -> MA | N11: =IFERROR(__xludf.DUMMYFUNCTION("""COMPUTED_VALUE"""),17.0) -> 17 | O11: =IFERROR(__xludf.DUMMYFUNCTION("""COMPUTED_VALUE"""),2025.0) -> 2025 | P11: =IFERROR(__xludf.DUMMYFUNCTION("""COMPUTED_VALUE"""),"No") -> No
A12: =IFERROR(__xludf.DUMMYFUNCTION("""COMPUTED_VALUE"""),"QB") -> QB | B12: =IFERROR(__xludf.DUMMYFUNCTION("""COMPUTED_VALUE"""),"Moon") -> Moon | C12: =IFERROR(__xludf.DUMMYFUNCTION("""COMPUTED_VALUE"""),"Warren") -> Warren | D12: =IFERROR(__xludf.DUMMYFUNCTION("""COMPUTED_VALUE"""),316.0) -> 316 | E12: =IFERROR(__xludf.DUMMYFUNCTION("""COMPUTED_VALUE"""),200.0) -> 200 | F12: =IFERROR(__xludf.DUMMYFUNCTION("""COMPUTED_VALUE"""),63.2) -> 63.2 | G12: =IFERROR(__xludf.DUMMYFUNCTION("""COMPUTED_VALUE"""),6365.0) -> 6365 | H12: =IFERROR(__xludf.DUMMYFUNCTION("""COMPUTED_VALUE"""),20.1) -> 20.1 | I12: =IFERROR(__xludf.DUMMYFUNCTION("""COMPUTED_VALUE"""),80.0) -> 80 | J12: =IFERROR(__xludf.DUMMYFUNCTION("""COMPUTED_VALUE"""),6.0) -> 6 | K12: =IFERROR(__xludf.DUMMYFUNCTION("""COMPUTED_VALUE"""),197.2) -> 197.2 | L12: =IFERROR(__xludf.DUMMYFUNCTION("""COMPUTED_VALUE"""),"HOU") -> HOU | M12: =IFERROR(__xludf.DUMMYFUNCTION("""COMPUTED_VALUE"""),"WB") -> WB | N12: =IFERROR(__xludf.DUMMYFUNCTION("""COMPUTED_VALUE"""),6.0) -> 6 | O12: =IFERROR(__xludf.DUMMYFUNCTION("""COMPUTED_VALUE"""),2011.0) -> 2011 | P12: =IFERROR(__xludf.DUMMYFUNCTION("""COMPUTED_VALUE"""),"No") -> No
A14: Highest Completion %
A15: =IFERROR(__xludf.DUMMYFUNCTION("query(Passing!A2:P178, ""select * where P = 'No' order by F desc limit 3"",1)"),"POS") -> POS | B15: =IFERROR(__xludf.DUMMYFUNCTION("""COMPUTED_VALUE"""),"Last Name") -> Last Name | C15: =IFERROR(__xludf.DUMMYFUNCTION("""COMPUTED_VALUE"""),"First Name") -> First Name | D15: =IFERROR(__xludf.DUMMYFUNCTION("""COMPUTED_VALUE"""),"ATT") -> ATT | E15: =IFERROR(__xludf.DUMMYFUNCTION("""COMPUTED_VALUE"""),"COMPS") -> COMPS | F15: =IFERROR(__xludf.DUMMYFUNCTION("""COMPUTED_VALUE"""),"COMP %") -> COMP % | G15: =IFERROR(__xludf.DUMMYFUNCTION("""COMPUTED_VALUE"""),"YDS") -> YDS | H15: =IFERROR(__xludf.DUMMYFUNCTION("""COMPUTED_VALUE"""),"AVG YDS") -> AVG YDS | I15: =IFERROR(__xludf.DUMMYFUNCTION("""COMPUTED_VALUE"""),"TD") -> TD | J15: =IFERROR(__xludf.DUMMYFUNCTION("""COMPUTED_VALUE"""),"INT") -> INT | K15: =IFERROR(__xludf.DUMMYFUNCTION("""COMPUTED_VALUE"""),"RATING") -> RATING | L15: =IFERROR(__xludf.DUMMYFUNCTION("""COMPUTED_VALUE"""),"Team") -> Team | M15: =IFERROR(__xludf.DUMMYFUNCTION("""COMPUTED_VALUE"""),"User") -> User | N15: =IFERROR(__xludf.DUMMYFUNCTION("""COMPUTED_VALUE"""),"Season") -> Season | O15: =IFERROR(__xludf.DUMMYFUNCTION("""COMPUTED_VALUE"""),"Year") -> Year | P15: =IFERROR(__xludf.DUMMYFUNCTION("""COMPUTED_VALUE"""),"Solo") -> Solo
A16: =IFERROR(__xludf.DUMMYFUNCTION("""COMPUTED_VALUE"""),"QB") -> QB | B16: =IFERROR(__xludf.DUMMYFUNCTION("""COMPUTED_VALUE"""),"Marino") -> Marino | C16: =IFERROR(__xludf.DUMMYFUNCTION("""COMPUTED_VALUE"""),"Dan") -> Dan | D16: =IFERROR(__xludf.DUMMYFUNCTION("""COMPUTED_VALUE"""),249.0) -> 249 | E16: =IFERROR(__xludf.DUMMYFUNCTION("""COMPUTED_VALUE"""),217.0) -> 217 | F16: =IFERROR(__xludf.DUMMYFUNCTION("""COMPUTED_VALUE"""),87.1) -> 87.1 | G16: =IFERROR(__xludf.DUMMYFUNCTION("""COMPUTED_VALUE"""),5129.0) -> 5129 | H16: =IFERROR(__xludf.DUMMYFUNCTION("""COMPUTED_VALUE"""),20.6) -> 20.6 | I16: =IFERROR(__xludf.DUMMYFUNCTION("""COMPUTED_VALUE"""),65.0) -> 65 | J16: =IFERROR(__xludf.DUMMYFUNCTION("""COMPUTED_VALUE"""),2.0) -> 2 | K16: =IFERROR(__xludf.DUMMYFUNCTION("""COMPUTED_VALUE"""),241.5) -> 241.5 | L16: =IFERROR(__xludf.DUMMYFUNCTION("""COMPUTED_VALUE"""),"MIA") -> MIA | M16: =IFERROR(__xludf.DUMMYFUNCTION("""COMPUTED_VALUE"""),"MA") -> MA | N16: =IFERROR(__xludf.DUMMYFUNCTION("""COMPUTED_VALUE"""),17.0) -> 17 | O16: =IFERROR(__xludf.DUMMYFUNCTION("""COMPUTED_VALUE"""),2025.0) -> 2025 | P16: =IFERROR(__xludf.DUMMYFUNCTION("""COMPUTED_VALUE"""),"No") -> No
A17: =IFERROR(__xludf.DUMMYFUNCTION("""COMPUTED_VALUE"""),"QB") -> QB | B17: =IFERROR(__xludf.DUMMYFUNCTION("""COMPUTED_VALUE"""),"Marino") -> Marino | C17: =IFERROR(__xludf.DUMMYFUNCTION("""COMPUTED_VALUE"""),"Dan") -> Dan | D17: =IFERROR(__xludf.DUMMYFUNCTION("""COMPUTED_VALUE"""),277.0) -> 277 | E17: =IFERROR(__xludf.DUMMYFUNCTION("""COMPUTED_VALUE"""),229.0) -> 229 | F17: =IFERROR(__xludf.DUMMYFUNCTION("""COMPUTED_VALUE"""),82.6) -> 82.6 | G17: =IFERROR(__xludf.DUMMYFUNCTION("""COMPUTED_VALUE"""),6743.0) -> 6743 | H17: =IFERROR(__xludf.DUMMYFUNCTION("""COMPUTED_VALUE"""),24.3) -> 24.3 | I17: =IFERROR(__xludf.DUMMYFUNCTION("""COMPUTED_VALUE"""),110.0) -> 110 | J17: =IFERROR(__xludf.DUMMYFUNCTION("""COMPUTED_VALUE"""),0.0) -> 0 | K17: =IFERROR(__xludf.DUMMYFUNCTION("""COMPUTED_VALUE"""),248.1) -> 248.1 | L17: =IFERROR(__xludf.DUMMYFUNCTION("""COMPUTED_VALUE"""),"MIA") -> MIA | M17: =IFERROR(__xludf.DUMMYFUNCTION("""COMPUTED_VALUE"""),"CJ") -> CJ | N17: =IFERROR(__xludf.DUMMYFUNCTION("""COMPUTED_VALUE"""),13.0) -> 13 | O17: =IFERROR(__xludf.DUMMYFUNCTION("""COMPUTED_VALUE"""),2021.0) -> 2021 | P17: =IFERROR(__xludf.DUMMYFUNCTION("""COMPUTED_VALUE"""),"No") -> No
A18: =IFERROR(__xludf.DUMMYFUNCTION("""COMPUTED_VALUE"""),"QB") -> QB | B18: =IFERROR(__xludf.DUMMYFUNCTION("""COMPUTED_VALUE"""),"Esiason") -> Esiason | C18: =IFERROR(__xludf.DUMMYFUNCTION("""COMPUTED_VALUE"""),"Boomer") -> Boomer | D18: =IFERROR(__xludf.DUMMYFUNCTION("""COMPUTED_VALUE"""),144.0) -> 144 | E18: =IFERROR(__xludf.DUMMYFUNCTION("""COMPUTED_VALUE"""),117.0) -> 117 | F18: =IFERROR(__xludf.DUMMYFUNCTION("""COMPUTED_VALUE"""),81.2) -> 81.2 | G18: =IFERROR(__xludf.DUMMYFUNCTION("""COMPUTED_VALUE"""),2810.0) -> 2810 | H18: =IFERROR(__xludf.DUMMYFUNCTION("""COMPUTED_VALUE"""),19.5) -> 19.5 | I18: =IFERROR(__xludf.DUMMYFUNCTION("""COMPUTED_VALUE"""),36.0) -> 36 | J18: =IFERROR(__xludf.DUMMYFUNCTION("""COMPUTED_VALUE"""),2.0) -> 2 | K18: =IFERROR(__xludf.DUMMYFUNCTION("""COMPUTED_VALUE"""),228.6) -> 228.6 | L18: =IFERROR(__xludf.DUMMYFUNCTION("""COMPUTED_VALUE"""),"CIN") -> CIN | M18: =IFERROR(__xludf.DUMMYFUNCTION("""COMPUTED_VALUE"""),"PJ") -> PJ | N18: =IFERROR(__xludf.DUMMYFUNCTION("""COMPUTED_VALUE"""),11.0) -> 11 | O18: =IFERROR(__xludf.DUMMYFUNCTION("""COMPUTED_VALUE"""),2019.0) -> 2019 | P18: =IFERROR(__xludf.DUMMYFUNCTION("""COMPUTED_VALUE"""),"No") -> No
A20: Most Passing Yards
A21: =IFERROR(__xludf.DUMMYFUNCTION("query(Passing!A2:P178, ""select * where P = 'No' order by G desc limit 3"",1)"),"POS") -> POS | B21: =IFERROR(__xludf.DUMMYFUNCTION("""COMPUTED_VALUE"""),"Last Name") -> Last Name | C21: =IFERROR(__xludf.DUMMYFUNCTION("""COMPUTED_VALUE"""),"First Name") -> First Name | D21: =IFERROR(__xludf.DUMMYFUNCTION("""COMPUTED_VALUE"""),"ATT") -> ATT | E21: =IFERROR(__xludf.DUMMYFUNCTION("""COMPUTED_VALUE"""),"COMPS") -> COMPS | F21: =IFERROR(__xludf.DUMMYFUNCTION("""COMPUTED_VALUE"""),"COMP %") -> COMP % | G21: =IFERROR(__xludf.DUMMYFUNCTION("""COMPUTED_VALUE"""),"YDS") -> YDS | H21: =IFERROR(__xludf.DUMMYFUNCTION("""COMPUTED_VALUE"""),"AVG YDS") -> AVG YDS | I21: =IFERROR(__xludf.DUMMYFUNCTION("""COMPUTED_VALUE"""),"TD") -> TD | J21: =IFERROR(__xludf.DUMMYFUNCTION("""COMPUTED_VALUE"""),"INT") -> INT | K21: =IFERROR(__xludf.DUMMYFUNCTION("""COMPUTED_VALUE"""),"RATING") -> RATING | L21: =IFERROR(__xludf.DUMMYFUNCTION("""COMPUTED_VALUE"""),"Team") -> Team | M21: =IFERROR(__xludf.DUMMYFUNCTION("""COMPUTED_VALUE"""),"User") -> User | N21: =IFERROR(__xludf.DUMMYFUNCTION("""COMPUTED_VALUE"""),"Season") -> Season | O21: =IFERROR(__xludf.DUMMYFUNCTION("""COMPUTED_VALUE"""),"Year") -> Year | P21: =IFERROR(__xludf.DUMMYFUNCTION("""COMPUTED_VALUE"""),"Solo") -> Solo
A22: =IFERROR(__xludf.DUMMYFUNCTION("""COMPUTED_VALUE"""),"QB") -> QB | B22: =IFERROR(__xludf.DUMMYFUNCTION("""COMPUTED_VALUE"""),"Marino") -> Marino | C22: =IFERROR(__xludf.DUMMYFUNCTION("""COMPUTED_VALUE"""),"Dan") -> Dan | D22: =IFERROR(__xludf.DUMMYFUNCTION("""COMPUTED_VALUE"""),277.0) -> 277 | E22: =IFERROR(__xludf.DUMMYFUNCTION("""COMPUTED_VALUE"""),229.0) -> 229 | F22: =IFERROR(__xludf.DUMMYFUNCTION("""COMPUTED_VALUE"""),82.6) -> 82.6 | G22: =IFERROR(__xludf.DUMMYFUNCTION("""COMPUTED_VALUE"""),6743.0) -> 6743 | H22: =IFERROR(__xludf.DUMMYFUNCTION("""COMPUTED_VALUE"""),24.3) -> 24.3 | I22: =IFERROR(__xludf.DUMMYFUNCTION("""COMPUTED_VALUE"""),110.0) -> 110 | J22: =IFERROR(__xludf.DUMMYFUNCTION("""COMPUTED_VALUE"""),0.0) -> 0 | K22: =IFERROR(__xludf.DUMMYFUNCTION("""COMPUTED_VALUE"""),248.1) -> 248.1 | L22: =IFERROR(__xludf.DUMMYFUNCTION("""COMPUTED_VALUE"""),"MIA") -> MIA | M22: =IFERROR(__xludf.DUMMYFUNCTION("""COMPUTED_VALUE"""),"CJ") -> CJ | N22: =IFERROR(__xludf.DUMMYFUNCTION("""COMPUTED_VALUE"""),13.0) -> 13 | O22: =IFERROR(__xludf.DUMMYFUNCTION("""COMPUTED_VALUE"""),2021.0) -> 2021 | P22: =IFERROR(__xludf.DUMMYFUNCTION("""COMPUTED_VALUE"""),"No") -> No
A23: =IFERROR(__xludf.DUMMYFUNCTION("""COMPUTED_VALUE"""),"QB") -> QB | B23: =IFERROR(__xludf.DUMMYFUNCTION("""COMPUTED_VALUE"""),"Moon") -> Moon | C23: =IFERROR(__xludf.DUMMYFUNCTION("""COMPUTED_VALUE"""),"Warren") -> Warren | D23: =IFERROR(__xludf.DUMMYFUNCTION("""COMPUTED_VALUE"""),316.0) -> 316 | E23: =IFERROR(__xludf.DUMMYFUNCTION("""COMPUTED_VALUE"""),200.0) -> 200 | F23: =IFERROR(__xludf.DUMMYFUNCTION("""COMPUTED_VALUE"""),63.2) -> 63.2 | G23: =IFERROR(__xludf.DUMMYFUNCTION("""COMPUTED_VALUE"""),6365.0) -> 6365 | H23: =IFERROR(__xludf.DUMMYFUNCTION("""COMPUTED_VALUE"""),20.1) -> 20.1 | I23: =IFERROR(__xludf.DUMMYFUNCTION("""COMPUTED_VALUE"""),80.0) -> 80 | J23: =IFERROR(__xludf.DUMMYFUNCTION("""COMPUTED_VALUE"""),6.0) -> 6 | K23: =IFERROR(__xludf.DUMMYFUNCTION("""COMPUTED_VALUE"""),197.2) -> 197.2 | L23: =IFERROR(__xludf.DUMMYFUNCTION("""COMPUTED_VALUE"""),"HOU") -> HOU | M23: =IFERROR(__xludf.DUMMYFUNCTION("""COMPUTED_VALUE"""),"WB") -> WB | N23: =IFERROR(__xludf.DUMMYFUNCTION("""COMPUTED_VALUE"""),6.0) -> 6 | O23: =IFERROR(__xludf.DUMMYFUNCTION("""COMPUTED_VALUE"""),2011.0) -> 2011 | P23: =IFERROR(__xludf.DUMMYFUNCTION("""COMPUTED_VALUE"""),"No") -> No
A24: =IFERROR(__xludf.DUMMYFUNCTION("""COMPUTED_VALUE"""),"QB") -> QB | B24: =IFERROR(__xludf.DUMMYFUNCTION("""COMPUTED_VALUE"""),"Moon") -> Moon | C24: =IFERROR(__xludf.DUMMYFUNCTION("""COMPUTED_VALUE"""),"Warren") -> Warren | D24: =IFERROR(__xludf.DUMMYFUNCTION("""COMPUTED_VALUE"""),305.0) -> 305 | E24: =IFERROR(__xludf.DUMMYFUNCTION("""COMPUTED_VALUE"""),183.0) -> 183 | F24: =IFERROR(__xludf.DUMMYFUNCTION("""COMPUTED_VALUE"""),60.0) -> 60 | G24: =IFERROR(__xludf.DUMMYFUNCTION("""COMPUTED_VALUE"""),5822.0) -> 5822 | H24: =IFERROR(__xludf.DUMMYFUNCTION("""COMPUTED_VALUE"""),19.0) -> 19 | I24: =IFERROR(__xludf.DUMMYFUNCTION("""COMPUTED_VALUE"""),73.0) -> 73 | J24: =IFERROR(__xludf.DUMMYFUNCTION("""COMPUTED_VALUE"""),11.0) -> 11 | K24: =IFERROR(__xludf.DUMMYFUNCTION("""COMPUTED_VALUE"""),185.4) -> 185.4 | L24: =IFERROR(__xludf.DUMMYFUNCTION("""COMPUTED_VALUE"""),"HOU") -> HOU | M24: =IFERROR(__xludf.DUMMYFUNCTION("""COMPUTED_VALUE"""),"WB") -> WB | N24: =IFERROR(__xludf.DUMMYFUNCTION("""COMPUTED_VALUE"""),10.0) -> 10 | O24: =IFERROR(__xludf.DUMMYFUNCTION("""COMPUTED_VALUE"""),2018.0) -> 2018 | P24: =IFERROR(__xludf.DUMMYFUNCTION("""COMPUTED_VALUE"""),"No") -> No
A26: Highest Yards Per Attempt
A27: =IFERROR(__xludf.DUMMYFUNCTION("query(Passing!A2:P178, ""select * where P = 'No' order by H desc limit 3"",1)"),"POS") -> POS | B27: =IFERROR(__xludf.DUMMYFUNCTION("""COMPUTED_VALUE"""),"Last Name") -> Last Name | C27: =IFERROR(__xludf.DUMMYFUNCTION("""COMPUTED_VALUE"""),"First Name") -> First Name | D27: =IFERROR(__xludf.DUMMYFUNCTION("""COMPUTED_VALUE"""),"ATT") -> ATT | E27: =IFERROR(__xludf.DUMMYFUNCTION("""COMPUTED_VALUE"""),"COMPS") -> COMPS | F27: =IFERROR(__xludf.DUMMYFUNCTION("""COMPUTED_VALUE"""),"COMP %") -> COMP % | G27: =IFERROR(__xludf.DUMMYFUNCTION("""COMPUTED_VALUE"""),"YDS") -> YDS | H27: =IFERROR(__xludf.DUMMYFUNCTION("""COMPUTED_VALUE"""),"AVG YDS") -> AVG YDS | I27: =IFERROR(__xludf.DUMMYFUNCTION("""COMPUTED_VALUE"""),"TD") -> TD | J27: =IFERROR(__xludf.DUMMYFUNCTION("""COMPUTED_VALUE"""),"INT") -> INT | K27: =IFERROR(__xludf.DUMMYFUNCTION("""COMPUTED_VALUE"""),"RATING") -> RATING | L27: =IFERROR(__xludf.DUMMYFUNCTION("""COMPUTED_VALUE"""),"Team") -> Team | M27: =IFERROR(__xludf.DUMMYFUNCTION("""COMPUTED_VALUE"""),"User") -> User | N27: =IFERROR(__xludf.DUMMYFUNCTION("""COMPUTED_VALUE"""),"Season") -> Season | O27: =IFERROR(__xludf.DUMMYFUNCTION("""COMPUTED_VALUE"""),"Year") -> Year | P27: =IFERROR(__xludf.DUMMYFUNCTION("""COMPUTED_VALUE"""),"Solo") -> Solo
A28: =IFERROR(__xludf.DUMMYFUNCTION("""COMPUTED_VALUE"""),"QB") -> QB | B28: =IFERROR(__xludf.DUMMYFUNCTION("""COMPUTED_VALUE"""),"Marino") -> Marino | C28: =IFERROR(__xludf.DUMMYFUNCTION("""COMPUTED_VALUE"""),"Dan") -> Dan | D28: =IFERROR(__xludf.DUMMYFUNCTION("""COMPUTED_VALUE"""),144.0) -> 144 | E28: =IFERROR(__xludf.DUMMYFUNCTION("""COMPUTED_VALUE"""),113.0) -> 113 | F28: =IFERROR(__xludf.DUMMYFUNCTION("""COMPUTED_VALUE"""),78.4) -> 78.4 | G28: =IFERROR(__xludf.DUMMYFUNCTION("""COMPUTED_VALUE"""),3710.0) -> 3710 | H28: =IFERROR(__xludf.DUMMYFUNCTION("""COMPUTED_VALUE"""),25.7) -> 25.7 | I28: =IFERROR(__xludf.DUMMYFUNCTION("""COMPUTED_VALUE"""),45.0) -> 45 | J28: =IFERROR(__xludf.DUMMYFUNCTION("""COMPUTED_VALUE"""),3.0) -> 3 | K28: =IFERROR(__xludf.DUMMYFUNCTION("""COMPUTED_VALUE"""),270.3) -> 270.3 | L28: =IFERROR(__xludf.DUMMYFUNCTION("""COMPUTED_VALUE"""),"MIA") -> MIA | M28: =IFERROR(__xludf.DUMMYFUNCTION("""COMPUTED_VALUE"""),"MA") -> MA | N28: =IFERROR(__xludf.DUMMYFUNCTION("""COMPUTED_VALUE"""),7.0) -> 7 | O28: =IFERROR(__xludf.DUMMYFUNCTION("""COMPUTED_VALUE"""),2017.0) -> 2017 | P28: =IFERROR(__xludf.DUMMYFUNCTION("""COMPUTED_VALUE"""),"No") -> No
A29: =IFERROR(__xludf.DUMMYFUNCTION("""COMPUTED_VALUE"""),"QB") -> QB | B29: =IFERROR(__xludf.DUMMYFUNCTION("""COMPUTED_VALUE"""),"Ken") -> Ken | C29: =IFERROR(__xludf.DUMMYFUNCTION("""COMPUTED_VALUE"""),"OBrien") -> OBrien | D29: =IFERROR(__xludf.DUMMYFUNCTION("""COMPUTED_VALUE"""),172.0) -> 172 | E29: =IFERROR(__xludf.DUMMYFUNCTION("""COMPUTED_VALUE"""),127.0) -> 127 | F29: =IFERROR(__xludf.DUMMYFUNCTION("""COMPUTED_VALUE"""),73.8) -> 73.8 | G29: =IFERROR(__xludf.DUMMYFUNCTION("""COMPUTED_VALUE"""),4413.0) -> 4413 | H29: =IFERROR(__xludf.DUMMYFUNCTION("""COMPUTED_VALUE"""),25.6) -> 25.6 | I29: =IFERROR(__xludf.DUMMYFUNCTION("""COMPUTED_VALUE"""),45.0) -> 45 | J29: =IFERROR(__xludf.DUMMYFUNCTION("""COMPUTED_VALUE"""),1.0) -> 1 | K29: =IFERROR(__xludf.DUMMYFUNCTION("""COMPUTED_VALUE"""),255.3) -> 255.3 | L29: =IFERROR(__xludf.DUMMYFUNCTION("""COMPUTED_VALUE"""),"JET") -> JET | M29: =IFERROR(__xludf.DUMMYFUNCTION("""COMPUTED_VALUE"""),"CJ") -> CJ | N29: =IFERROR(__xludf.DUMMYFUNCTION("""COMPUTED_VALUE"""),9.0) -> 9 | O29: =IFERROR(__xludf.DUMMYFUNCTION("""COMPUTED_VALUE"""),2017.0) -> 2017 | P29: =IFERROR(__xludf.DUMMYFUNCTION("""COMPUTED_VALUE"""),"No") -> No
A30: =IFERROR(__xludf.DUMMYFUNCTION("""COMPUTED_VALUE"""),"QB") -> QB | B30: =IFERROR(__xludf.DUMMYFUNCTION("""COMPUTED_VALUE"""),"Simms") -> Simms | C30: =IFERROR(__xludf.DUMMYFUNCTION("""COMPUTED_VALUE"""),"Phil") -> Phil | D30: =IFERROR(__xludf.DUMMYFUNCTION("""COMPUTED_VALUE"""),182.0) -> 182 | E30: =IFERROR(__xludf.DUMMYFUNCTION("""COMPUTED_VALUE"""),133.0) -> 133 | F30: =IFERROR(__xludf.DUMMYFUNCTION("""COMPUTED_VALUE"""),73.0) -> 73 | G30: =IFERROR(__xludf.DUMMYFUNCTION("""COMPUTED_VALUE"""),4629.0) -> 4629 | H30: =IFERROR(__xludf.DUMMYFUNCTION("""COMPUTED_VALUE"""),25.4) -> 25.4 | I30: =IFERROR(__xludf.DUMMYFUNCTION("""COMPUTED_VALUE"""),63.0) -> 63 | J30: =IFERROR(__xludf.DUMMYFUNCTION("""COMPUTED_VALUE"""),6.0) -> 6 | K30: =IFERROR(__xludf.DUMMYFUNCTION("""COMPUTED_VALUE"""),270.6) -> 270.6 | L30: =IFERROR(__xludf.DUMMYFUNCTION("""COMPUTED_VALUE"""),"GIA") -> GIA | M30: =IFERROR(__xludf.DUMMYFUNCTION("""COMPUTED_VALUE"""),"PJ") -> PJ | N30: =IFERROR(__xludf.DUMMYFUNCTION("""COMPUTED_VALUE"""),7.0) -> 7 | O30: =IFERROR(__xludf.DUMMYFUNCTION("""COMPUTED_VALUE"""),2017.0) -> 2017 | P30: =IFERROR(__xludf.DUMMYFUNCTION("""COMPUTED_VALUE"""),"No") -> No
A32: Most Passing Touchdowns
A33: =IFERROR(__xludf.DUMMYFUNCTION("query(Passing!A2:P178, ""select * where P = 'No' order by I desc limit 3"",1)"),"POS") -> POS | B33: =IFERROR(__xludf.DUMMYFUNCTION("""COMPUTED_VALUE"""),"Last Name") -> Last Name | C33: =IFERROR(__xludf.DUMMYFUNCTION("""COMPUTED_VALUE"""),"First Name") -> First Name | D33: =IFERROR(__xludf.DUMMYFUNCTION("""COMPUTED_VALUE"""),"ATT") -> ATT | E33: =IFERROR(__xludf.DUMMYFUNCTION("""COMPUTED_VALUE"""),"COMPS") -> COMPS | F33: =IFERROR(__xludf.DUMMYFUNCTION("""COMPUTED_VALUE"""),"COMP %") -> COMP % | G33: =IFERROR(__xludf.DUMMYFUNCTION("""COMPUTED_VALUE"""),"YDS") -> YDS | H33: =IFERROR(__xludf.DUMMYFUNCTION("""COMPUTED_VALUE"""),"AVG YDS") -> AVG YDS | I33: =IFERROR(__xludf.DUMMYFUNCTION("""COMPUTED_VALUE"""),"TD") -> TD | J33: =IFERROR(__xludf.DUMMYFUNCTION("""COMPUTED_VALUE"""),"INT") -> INT | K33: =IFERROR(__xludf.DUMMYFUNCTION("""COMPUTED_VALUE"""),"RATING") -> RATING | L33: =IFERROR(__xludf.DUMMYFUNCTION("""COMPUTED_VALUE"""),"Team") -> Team | M33: =IFERROR(__xludf.DUMMYFUNCTION("""COMPUTED_VALUE"""),"User") -> User | N33: =IFERROR(__xludf.DUMMYFUNCTION("""COMPUTED_VALUE"""),"Season") -> Season | O33: =IFERROR(__xludf.DUMMYFUNCTION("""COMPUTED_VALUE"""),"Year") -> Year | P33: =IFERROR(__xludf.DUMMYFUNCTION("""COMPUTED_VALUE"""),"Solo") -> Solo
A34: =IFERROR(__xludf.DUMMYFUNCTION("""COMPUTED_VALUE"""),"QB") -> QB | B34: =IFERROR(__xludf.DUMMYFUNCTION("""COMPUTED_VALUE"""),"Marino") -> Marino | C34: =IFERROR(__xludf.DUMMYFUNCTION("""COMPUTED_VALUE"""),"Dan") -> Dan | D34: =IFERROR(__xludf.DUMMYFUNCTION("""COMPUTED_VALUE"""),277.0) -> 277 | E34: =IFERROR(__xludf.DUMMYFUNCTION("""COMPUTED_VALUE"""),229.0) -> 229 | F34: =IFERROR(__xludf.DUMMYFUNCTION("""COMPUTED_VALUE"""),82.6) -> 82.6 | G34: =IFERROR(__xludf.DUMMYFUNCTION("""COMPUTED_VALUE"""),6743.0) -> 6743 | H34: =IFERROR(__xludf.DUMMYFUNCTION("""COMPUTED_VALUE"""),24.3) -> 24.3 | I34: =IFERROR(__xludf.DUMMYFUNCTION("""COMPUTED_VALUE"""),110.0) -> 110 | J34: =IFERROR(__xludf.DUMMYFUNCTION("""COMPUTED_VALUE"""),0.0) -> 0 | K34: =IFERROR(__xludf.DUMMYFUNCTION("""COMPUTED_VALUE"""),248.1) -> 248.1 | L34: =IFERROR(__xludf.DUMMYFUNCTION("""COMPUTED_VALUE"""),"MIA") -> MIA | M34: =IFERROR(__xludf.DUMMYFUNCTION("""COMPUTED_VALUE"""),"CJ") -> CJ | N34: =IFERROR(__xludf.DUMMYFUNCTION("""COMPUTED_VALUE"""),13.0) -> 13 | O34: =IFERROR(__xludf.DUMMYFUNCTION("""COMPUTED_VALUE"""),2021.0) -> 2021 | P34: =IFERROR(__xludf.DUMMYFUNCTION("""COMPUTED_VALUE"""),"No") -> No
A35: =IFERROR(__xludf.DUMMYFUNCTION("""COMPUTED_VALUE"""),"QB") -> QB | B35: =IFERROR(__xludf.DUMMYFUNCTION("""COMPUTED_VALUE"""),"Moon") -> Moon | C35: =IFERROR(__xludf.DUMMYFUNCTION("""COMPUTED_VALUE"""),"Warren") -> Warren | D35: =IFERROR(__xludf.DUMMYFUNCTION("""COMPUTED_VALUE"""),316.0) -> 316 | E35: =IFERROR(__xludf.DUMMYFUNCTION("""COMPUTED_VALUE"""),200.0) -> 200 | F35: =IFERROR(__xludf.DUMMYFUNCTION("""COMPUTED_VALUE"""),63.2) -> 63.2 | G35: =IFERROR(__xludf.DUMMYFUNCTION("""COMPUTED_VALUE"""),6365.0) -> 6365 | H35: =IFERROR(__xludf.DUMMYFUNCTION("""COMPUTED_VALUE"""),20.1) -> 20.1 | I35: =IFERROR(__xludf.DUMMYFUNCTION("""COMPUTED_VALUE"""),80.0) -> 80 | J35: =IFERROR(__xludf.DUMMYFUNCTION("""COMPUTED_VALUE"""),6.0) -> 6 | K35: =IFERROR(__xludf.DUMMYFUNCTION("""COMPUTED_VALUE"""),197.2) -> 197.2 | L35: =IFERROR(__xludf.DUMMYFUNCTION("""COMPUTED_VALUE"""),"HOU") -> HOU | M35: =IFERROR(__xludf.DUMMYFUNCTION("""COMPUTED_VALUE"""),"WB") -> WB | N35: =IFERROR(__xludf.DUMMYFUNCTION("""COMPUTED_VALUE"""),6.0) -> 6 | O35: =IFERROR(__xludf.DUMMYFUNCTION("""COMPUTED_VALUE"""),2011.0) -> 2011 | P35: =IFERROR(__xludf.DUMMYFUNCTION("""COMPUTED_VALUE"""),"No") -> No
A36: =IFERROR(__xludf.DUMMYFUNCTION("""COMPUTED_VALUE"""),"QB") -> QB | B36: =IFERROR(__xludf.DUMMYFUNCTION("""COMPUTED_VALUE"""),"Moon") -> Moon | C36: =IFERROR(__xludf.DUMMYFUNCTION("""COMPUTED_VALUE"""),"Warren") -> Warren | D36: =IFERROR(__xludf.DUMMYFUNCTION("""COMPUTED_VALUE"""),305.0) -> 305 | E36: =IFERROR(__xludf.DUMMYFUNCTION("""COMPUTED_VALUE"""),183.0) -> 183 | F36: =IFERROR(__xludf.DUMMYFUNCTION("""COMPUTED_VALUE"""),60.0) -> 60 | G36: =IFERROR(__xludf.DUMMYFUNCTION("""COMPUTED_VALUE"""),5822.0) -> 5822 | H36: =IFERROR(__xludf.DUMMYFUNCTION("""COMPUTED_VALUE"""),19.0) -> 19 | I36: =IFERROR(__xludf.DUMMYFUNCTION("""COMPUTED_VALUE"""),73.0) -> 73 | J36: =IFERROR(__xludf.DUMMYFUNCTION("""COMPUTED_VALUE"""),11.0) -> 11 | K36: =IFERROR(__xludf.DUMMYFUNCTION("""COMPUTED_VALUE"""),185.4) -> 185.4 | L36: =IFERROR(__xludf.DUMMYFUNCTION("""COMPUTED_VALUE"""),"HOU") -> HOU | M36: =IFERROR(__xludf.DUMMYFUNCTION("""COMPUTED_VALUE"""),"WB") -> WB | N36: =IFERROR(__xludf.DUMMYFUNCTION("""COMPUTED_VALUE"""),10.0) -> 10 | O36: =IFERROR(__xludf.DUMMYFUNCTION("""COMPUTED_VALUE"""),2018.0) -> 2018 | P36: =IFERROR(__xludf.DUMMYFUNCTION("""COMPUTED_VALUE"""),"No") -> No
A38: Fewest Interceptions
A39: =IFERROR(__xludf.DUMMYFUNCTION("query(Passing!A2:P178, ""select * where P = 'No' order by J asc limit 3"",1)"),"POS") -> POS | B39: =IFERROR(__xludf.DUMMYFUNCTION("""COMPUTED_VALUE"""),"Last Name") -> Last Name | C39: =IFERROR(__xludf.DUMMYFUNCTION("""COMPUTED_VALUE"""),"First Name") -> First Name | D39: =IFERROR(__xludf.DUMMYFUNCTION("""COMPUTED_VALUE"""),"ATT") -> ATT | E39: =IFERROR(__xludf.DUMMYFUNCTION("""COMPUTED_VALUE"""),"COMPS") -> COMPS | F39: =IFERROR(__xludf.DUMMYFUNCTION("""COMPUTED_VALUE"""),"COMP %") -> COMP % | G39: =IFERROR(__xludf.DUMMYFUNCTION("""COMPUTED_VALUE"""),"YDS") -> YDS | H39: =IFERROR(__xludf.DUMMYFUNCTION("""COMPUTED_VALUE"""),"AVG YDS") -> AVG YDS | I39: =IFERROR(__xludf.DUMMYFUNCTION("""COMPUTED_VALUE"""),"TD") -> TD | J39: =IFERROR(__xludf.DUMMYFUNCTION("""COMPUTED_VALUE"""),"INT") -> INT | K39: =IFERROR(__xludf.DUMMYFUNCTION("""COMPUTED_VALUE"""),"RATING") -> RATING | L39: =IFERROR(__xludf.DUMMYFUNCTION("""COMPUTED_VALUE"""),"Team") -> Team | M39: =IFERROR(__xludf.DUMMYFUNCTION("""COMPUTED_VALUE"""),"User") -> User | N39: =IFERROR(__xludf.DUMMYFUNCTION("""COMPUTED_VALUE"""),"Season") -> Season | O39: =IFERROR(__xludf.DUMMYFUNCTION("""COMPUTED_VALUE"""),"Year") -> Year | P39: =IFERROR(__xludf.DUMMYFUNCTION("""COMPUTED_VALUE"""),"Solo") -> Solo
A40: =IFERROR(__xludf.DUMMYFUNCTION("""COMPUTED_VALUE"""),"QB") -> QB | B40: =IFERROR(__xludf.DUMMYFUNCTION("""COMPUTED_VALUE"""),"Marino") -> Marino | C40: =IFERROR(__xludf.DUMMYFUNCTION("""COMPUTED_VALUE"""),"Dan") -> Dan | D40: =IFERROR(__xludf.DUMMYFUNCTION("""COMPUTED_VALUE"""),277.0) -> 277 | E40: =IFERROR(__xludf.DUMMYFUNCTION("""COMPUTED_VALUE"""),229.0) -> 229 | F40: =IFERROR(__xludf.DUMMYFUNCTION("""COMPUTED_VALUE"""),82.6) -> 82.6 | G40: =IFERROR(__xludf.DUMMYFUNCTION("""COMPUTED_VALUE"""),6743.0) -> 6743 | H40: =IFERROR(__xludf.DUMMYFUNCTION("""COMPUTED_VALUE"""),24.3) -> 24.3 | I40: =IFERROR(__xludf.DUMMYFUNCTION("""COMPUTED_VALUE"""),110.0) -> 110 | J40: =IFERROR(__xludf.DUMMYFUNCTION("""COMPUTED_VALUE"""),0.0) -> 0 | K40: =IFERROR(__xludf.DUMMYFUNCTION("""COMPUTED_VALUE"""),248.1) -> 248.1 | L40: =IFERROR(__xludf.DUMMYFUNCTION("""COMPUTED_VALUE"""),"MIA") -> MIA | M40: =IFERROR(__xludf.DUMMYFUNCTION("""COMPUTED_VALUE"""),"CJ") -> CJ | N40: =IFERROR(__xludf.DUMMYFUNCTION("""COMPUTED_VALUE"""),13.0) -> 13 | O40: =IFERROR(__xludf.DUMMYFUNCTION("""COMPUTED_VALUE"""),2021.0) -> 2021 | P40: =IFERROR(__xludf.DUMMYFUNCTION("""COMPUTED_VALUE"""),"No") -> No
A41: =IFERROR(__xludf.DUMMYFUNCTION("""COMPUTED_VALUE"""),"QB") -> QB | B41: =IFERROR(__xludf.DUMMYFUNCTION("""COMPUTED_VALUE"""),"Everett") -> Everett | C41: =IFERROR(__xludf.DUMMYFUNCTION("""COMPUTED_VALUE"""),"Jim") -> Jim | I41: =IFERROR(__xludf.DUMMYFUNCTION("""COMPUTED_VALUE"""),59.0) -> 59 | J41: =IFERROR(__xludf.DUMMYFUNCTION("""COMPUTED_VALUE"""),1.0) -> 1 | K41: =IFERROR(__xludf.DUMMYFUNCTION("""COMPUTED_VALUE"""),219.2) -> 219.2 | L41: =IFERROR(__xludf.DUMMYFUNCTION("""COMPUTED_VALUE"""),"RAM") -> RAM | M41: =IFERROR(__xludf.DUMMYFUNCTION("""COMPUTED_VALUE"""),"PJ") -> PJ | N41: =IFERROR(__xludf.DUMMYFUNCTION("""COMPUTED_VALUE"""),3.0) -> 3 | O41: =IFERROR(__xludf.DUMMYFUNCTION("""COMPUTED_VALUE"""),2009.0) -> 2009 | P41: =IFERROR(__xludf.DUMMYFUNCTION("""COMPUTED_VALUE"""),"No") -> No
A42: =IFERROR(__xludf.DUMMYFUNCTION("""COMPUTED_VALUE"""),"QB") -> QB | B42: =IFERROR(__xludf.DUMMYFUNCTION("""COMPUTED_VALUE"""),"Ken") -> Ken | C42: =IFERROR(__xludf.DUMMYFUNCTION("""COMPUTED_VALUE"""),"OBrien") -> OBrien | D42: =IFERROR(__xludf.DUMMYFUNCTION("""COMPUTED_VALUE"""),172.0) -> 172 | E42: =IFERROR(__xludf.DUMMYFUNCTION("""COMPUTED_VALUE"""),127.0) -> 127 | F42: =IFERROR(__xludf.DUMMYFUNCTION("""COMPUTED_VALUE"""),73.8) -> 73.8 | G42: =IFERROR(__xludf.DUMMYFUNCTION("""COMPUTED_VALUE"""),4413.0) -> 4413 | H42: =IFERROR(__xludf.DUMMYFUNCTION("""COMPUTED_VALUE"""),25.6) -> 25.6 | I42: =IFERROR(__xludf.DUMMYFUNCTION("""COMPUTED_VALUE"""),45.0) -> 45 | J42: =IFERROR(__xludf.DUMMYFUNCTION("""COMPUTED_VALUE"""),1.0) -> 1 | K42: =IFERROR(__xludf.DUMMYFUNCTION("""COMPUTED_VALUE"""),255.3) -> 255.3 | L42: =IFERROR(__xludf.DUMMYFUNCTION("""COMPUTED_VALUE"""),"JET") -> JET | M42: =IFERROR(__xludf.DUMMYFUNCTION("""COMPUTED_VALUE"""),"CJ") -> CJ | N42: =IFERROR(__xludf.DUMMYFUNCTION("""COMPUTED_VALUE"""),9.0) -> 9 | O42: =IFERROR(__xludf.DUMMYFUNCTION("""COMPUTED_VALUE"""),2017.0) -> 2017 | P42: =IFERROR(__xludf.DUMMYFUNCTION("""COMPUTED_VALUE"""),"No") -> No
A44: Highest QB Rating
A45: =IFERROR(__xludf.DUMMYFUNCTION("query(Passing!A2:P178, ""select * where P = 'No' order by K desc limit 3"",1)"),"POS") -> POS | B45: =IFERROR(__xludf.DUMMYFUNCTION("""COMPUTED_VALUE"""),"Last Name") -> Last Name | C45: =IFERROR(__xludf.DUMMYFUNCTION("""COMPUTED_VALUE"""),"First Name") -> First Name | D45: =IFERROR(__xludf.DUMMYFUNCTION("""COMPUTED_VALUE"""),"ATT") -> ATT | E45: =IFERROR(__xludf.DUMMYFUNCTION("""COMPUTED_VALUE"""),"COMPS") -> COMPS | F45: =IFERROR(__xludf.DUMMYFUNCTION("""COMPUTED_VALUE"""),"COMP %") -> COMP % | G45: =IFERROR(__xludf.DUMMYFUNCTION("""COMPUTED_VALUE"""),"YDS") -> YDS | H45: =IFERROR(__xludf.DUMMYFUNCTION("""COMPUTED_VALUE"""),"AVG YDS") -> AVG YDS | I45: =IFERROR(__xludf.DUMMYFUNCTION("""COMPUTED_VALUE"""),"TD") -> TD | J45: =IFERROR(__xludf.DUMMYFUNCTION("""COMPUTED_VALUE"""),"INT") -> INT | K45: =IFERROR(__xludf.DUMMYFUNCTION("""COMPUTED_VALUE"""),"RATING") -> RATING | L45: =IFERROR(__xludf.DUMMYFUNCTION("""COMPUTED_VALUE"""),"Team") -> Team | M45: =IFERROR(__xludf.DUMMYFUNCTION("""COMPUTED_VALUE"""),"User") -> User | N45: =IFERROR(__xludf.DUMMYFUNCTION("""COMPUTED_VALUE"""),"Season") -> Season | O45: =IFERROR(__xludf.DUMMYFUNCTION("""COMPUTED_VALUE"""),"Year") -> Year | P45: =IFERROR(__xludf.DUMMYFUNCTION("""COMPUTED_VALUE"""),"Solo") -> Solo
A46: =IFERROR(__xludf.DUMMYFUNCTION("""COMPUTED_VALUE"""),"QB") -> QB | B46: =IFERROR(__xludf.DUMMYFUNCTION("""COMPUTED_VALUE"""),"Simms") -> Simms | C46: =IFERROR(__xludf.DUMMYFUNCTION("""COMPUTED_VALUE"""),"Phil") -> Phil | D46: =IFERROR(__xludf.DUMMYFUNCTION("""COMPUTED_VALUE"""),182.0) -> 182 | E46: =IFERROR(__xludf.DUMMYFUNCTION("""COMPUTED_VALUE"""),133.0) -> 133 | F46: =IFERROR(__xludf.DUMMYFUNCTION("""COMPUTED_VALUE"""),73.0) -> 73 | G46: =IFERROR(__xludf.DUMMYFUNCTION("""COMPUTED_VALUE"""),4629.0) -> 4629 | H46: =IFERROR(__xludf.DUMMYFUNCTION("""COMPUTED_VALUE"""),25.4) -> 25.4 | I46: =IFERROR(__xludf.DUMMYFUNCTION("""COMPUTED_VALUE"""),63.0) -> 63 | J46: =IFERROR(__xludf.DUMMYFUNCTION("""COMPUTED_VALUE"""),6.0) -> 6 | K46: =IFERROR(__xludf.DUMMYFUNCTION("""COMPUTED_VALUE"""),270.6) -> 270.6 | L46: =IFERROR(__xludf.DUMMYFUNCTION("""COMPUTED_VALUE"""),"GIA") -> GIA | M46: =IFERROR(__xludf.DUMMYFUNCTION("""COMPUTED_VALUE"""),"PJ") -> PJ | N46: =IFERROR(__xludf.DUMMYFUNCTION("""COMPUTED_VALUE"""),7.0) -> 7 | O46: =IFERROR(__xludf.DUMMYFUNCTION("""COMPUTED_VALUE"""),2017.0) -> 2017 | P46: =IFERROR(__xludf.DUMMYFUNCTION("""COMPUTED_VALUE"""),"No") -> No
A47: =IFERROR(__xludf.DUMMYFUNCTION("""COMPUTED_VALUE"""),"QB") -> QB | B47: =IFERROR(__xludf.DUMMYFUNCTION("""COMPUTED_VALUE"""),"Marino") -> Marino | C47: =IFERROR(__xludf.DUMMYFUNCTION("""COMPUTED_VALUE"""),"Dan") -> Dan | D47: =IFERROR(__xludf.DUMMYFUNCTION("""COMPUTED_VALUE"""),144.0) -> 144 | E47: =IFERROR(__xludf.DUMMYFUNCTION("""COMPUTED_VALUE"""),113.0) -> 113 | F47: =IFERROR(__xludf.DUMMYFUNCTION("""COMPUTED_VALUE"""),78.4) -> 78.4 | G47: =IFERROR(__xludf.DUMMYFUNCTION("""COMPUTED_VALUE"""),3710.0) -> 3710 | H47: =IFERROR(__xludf.DUMMYFUNCTION("""COMPUTED_VALUE"""),25.7) -> 25.7 | I47: =IFERROR(__xludf.DUMMYFUNCTION("""COMPUTED_VALUE"""),45.0) -> 45 | J47: =IFERROR(__xludf.DUMMYFUNCTION("""COMPUTED_VALUE"""),3.0) -> 3 | K47: =IFERROR(__xludf.DUMMYFUNCTION("""COMPUTED_VALUE"""),270.3) -> 270.3 | L47: =IFERROR(__xludf.DUMMYFUNCTION("""COMPUTED_VALUE"""),"MIA") -> MIA | M47: =IFERROR(__xludf.DUMMYFUNCTION("""COMPUTED_VALUE"""),"MA") -> MA | N47: =IFERROR(__xludf.DUMMYFUNCTION("""COMPUTED_VALUE"""),7.0) -> 7 | O47: =IFERROR(__xludf.DUMMYFUNCTION("""COMPUTED_VALUE"""),2017.0) -> 2017 | P47: =IFERROR(__xludf.DUMMYFUNCTION("""COMPUTED_VALUE"""),"No") -> No
A48: =IFERROR(__xludf.DUMMYFUNCTION("""COMPUTED_VALUE"""),"QB") -> QB | B48: =IFERROR(__xludf.DUMMYFUNCTION("""COMPUTED_VALUE"""),"Simms") -> Simms | C48: =IFERROR(__xludf.DUMMYFUNCTION("""COMPUTED_VALUE"""),"Phil") -> Phil | D48: =IFERROR(__xludf.DUMMYFUNCTION("""COMPUTED_VALUE"""),195.0) -> 195 | E48: =IFERROR(__xludf.DUMMYFUNCTION("""COMPUTED_VALUE"""),143.0) -> 143 | F48: =IFERROR(__xludf.DUMMYFUNCTION("""COMPUTED_VALUE"""),73.3) -> 73.3 | G48: =IFERROR(__xludf.DUMMYFUNCTION("""COMPUTED_VALUE"""),4696.0) -> 4696 | H48: =IFERROR(__xludf.DUMMYFUNCTION("""COMPUTED_VALUE"""),24.0) -> 24 | I48: =IFERROR(__xludf.DUMMYFUNCTION("""COMPUTED_VALUE"""),66.0) -> 66 | J48: =IFERROR(__xludf.DUMMYFUNCTION("""COMPUTED_VALUE"""),6.0) -> 6 | K48: =IFERROR(__xludf.DUMMYFUNCTION("""COMPUTED_VALUE"""),258.4) -> 258.4 | L48: =IFERROR(__xludf.DUMMYFUNCTION("""COMPUTED_VALUE"""),"GIA") -> GIA | M48: =IFERROR(__xludf.DUMMYFUNCTION("""COMPUTED_VALUE"""),"PJ") -> PJ | N48: =IFERROR(__xludf.DUMMYFUNCTION("""COMPUTED_VALUE"""),5.0) -> 5 | O48: =IFERROR(__xludf.DUMMYFUNCTION("""COMPUTED_VALUE"""),2010.0) -> 2010 | P48: =IFERROR(__xludf.DUMMYFUNCTION("""COMPUTED_VALUE"""),"No") -> No
A50: TECMO RECEIVING RECORDS
A51: Most Receptions
A52: =IFERROR(__xludf.DUMMYFUNCTION("query(Receiving!A2:L261, ""select * where L = 'No' order by D desc limit 3"",1)"),"POS") -> POS | B52: =IFERROR(__xludf.DUMMYFUNCTION("""COMPUTED_VALUE"""),"Last Name") -> Last Name | C52: =IFERROR(__xludf.DUMMYFUNCTION("""COMPUTED_VALUE"""),"First Name") -> First Name | D52: =IFERROR(__xludf.DUMMYFUNCTION("""COMPUTED_VALUE"""),"REC") -> REC | E52: =IFERROR(__xludf.DUMMYFUNCTION("""COMPUTED_VALUE"""),"YDS") -> YDS | F52: =IFERROR(__xludf.DUMMYFUNCTION("""COMPUTED_VALUE"""),"AVG YDS") -> AVG YDS | G52: =IFERROR(__xludf.DUMMYFUNCTION("""COMPUTED_VALUE"""),"TDs") -> TDs | H52: =IFERROR(__xludf.DUMMYFUNCTION("""COMPUTED_VALUE"""),"Team") -> Team | I52: =IFERROR(__xludf.DUMMYFUNCTION("""COMPUTED_VALUE"""),"User") -> User | J52: =IFERROR(__xludf.DUMMYFUNCTION("""COMPUTED_VALUE"""),"Season") -> Season | K52: =IFERROR(__xludf.DUMMYFUNCTION("""COMPUTED_VALUE"""),"Year") -> Year | L52: =IFERROR(__xludf.DUMMYFUNCTION("""COMPUTED_VALUE"""),"Solo") -> Solo
A53: =IFERROR(__xludf.DUMMYFUNCTION("""COMPUTED_VALUE"""),"WR") -> WR | B53: =IFERROR(__xludf.DUMMYFUNCTION("""COMPUTED_VALUE"""),"Hill") -> Hill | C53: =IFERROR(__xludf.DUMMYFUNCTION("""COMPUTED_VALUE"""),"Drew") -> Drew | D53: =IFERROR(__xludf.DUMMYFUNCTION("""COMPUTED_VALUE"""),86.0) -> 86 | E53: =IFERROR(__xludf.DUMMYFUNCTION("""COMPUTED_VALUE"""),3881.0) -> 3881 | F53: =IFERROR(__xludf.DUMMYFUNCTION("""COMPUTED_VALUE"""),45.1) -> 45.1 | G53: =IFERROR(__xludf.DUMMYFUNCTION("""COMPUTED_VALUE"""),56.0) -> 56 | H53: =IFERROR(__xludf.DUMMYFUNCTION("""COMPUTED_VALUE"""),"HOU") -> HOU | I53: =IFERROR(__xludf.DUMMYFUNCTION("""COMPUTED_VALUE"""),"WB") -> WB | J53: =IFERROR(__xludf.DUMMYFUNCTION("""COMPUTED_VALUE"""),6.0) -> 6 | K53: =IFERROR(__xludf.DUMMYFUNCTION("""COMPUTED_VALUE"""),2011.0) -> 2011 | L53: =IFERROR(__xludf.DUMMYFUNCTION("""COMPUTED_VALUE"""),"No") -> No
A54: =IFERROR(__xludf.DUMMYFUNCTION("""COMPUTED_VALUE"""),"WR") -> WR | B54: =IFERROR(__xludf.DUMMYFUNCTION("""COMPUTED_VALUE"""),"Hill") -> Hill | C54: =IFERROR(__xludf.DUMMYFUNCTION("""COMPUTED_VALUE"""),"Drew") -> Drew | D54: =IFERROR(__xludf.DUMMYFUNCTION("""COMPUTED_VALUE"""),84.0) -> 84 | E54: =IFERROR(__xludf.DUMMYFUNCTION("""COMPUTED_VALUE"""),3345.0) -> 3345 | F54: =IFERROR(__xludf.DUMMYFUNCTION("""COMPUTED_VALUE"""),39.8) -> 39.8 | G54: =IFERROR(__xludf.DUMMYFUNCTION("""COMPUTED_VALUE"""),46.0) -> 46 | H54: =IFERROR(__xludf.DUMMYFUNCTION("""COMPUTED_VALUE"""),"HOU") -> HOU | I54: =IFERROR(__xludf.DUMMYFUNCTION("""COMPUTED_VALUE"""),"WB") -> WB | J54: =IFERROR(__xludf.DUMMYFUNCTION("""COMPUTED_VALUE"""),10.0) -> 10 | K54: =IFERROR(__xludf.DUMMYFUNCTION("""COMPUTED_VALUE"""),2018.0) -> 2018 | L54: =IFERROR(__xludf.DUMMYFUNCTION("""COMPUTED_VALUE"""),"No") -> No
A55: =IFERROR(__xludf.DUMMYFUNCTION("""COMPUTED_VALUE"""),"WR") -> WR | B55: =IFERROR(__xludf.DUMMYFUNCTION("""COMPUTED_VALUE"""),"Blades") -> Blades | C55: =IFERROR(__xludf.DUMMYFUNCTION("""COMPUTED_VALUE"""),"Brian") -> Brian | D55: =IFERROR(__xludf.DUMMYFUNCTION("""COMPUTED_VALUE"""),75.0) -> 75 | E55: =IFERROR(__xludf.DUMMYFUNCTION("""COMPUTED_VALUE"""),1734.0) -> 1734 | F55: =IFERROR(__xludf.DUMMYFUNCTION("""COMPUTED_VALUE"""),23.1) -> 23.1 | G55: =IFERROR(__xludf.DUMMYFUNCTION("""COMPUTED_VALUE"""),21.0) -> 21 | H55: =IFERROR(__xludf.DUMMYFUNCTION("""COMPUTED_VALUE"""),"SEA") -> SEA | I55: =IFERROR(__xludf.DUMMYFUNCTION("""COMPUTED_VALUE"""),"WB") -> WB | J55: =IFERROR(__xludf.DUMMYFUNCTION("""COMPUTED_VALUE"""),7.0) -> 7 | K55: =IFERROR(__xludf.DUMMYFUNCTION("""COMPUTED_VALUE"""),2017.0) -> 2017 | L55: =IFERROR(__xludf.DUMMYFUNCTION("""COMPUTED_VALUE"""),"No") -> No
A57: Most Receiving Yards
A58: =IFERROR(__xludf.DUMMYFUNCTION("query(Receiving!A2:L261, ""select * where L = 'No' order by E desc limit 3"",1)"),"POS") -> POS | B58: =IFERROR(__xludf.DUMMYFUNCTION("""COMPUTED_VALUE"""),"Last Name") -> Last Name | C58: =IFERROR(__xludf.DUMMYFUNCTION("""COMPUTED_VALUE"""),"First Name") -> First Name | D58: =IFERROR(__xludf.DUMMYFUNCTION("""COMPUTED_VALUE"""),"REC") -> REC | E58: =IFERROR(__xludf.DUMMYFUNCTION("""COMPUTED_VALUE"""),"YDS") -> YDS | F58: =IFERROR(__xludf.DUMMYFUNCTION("""COMPUTED_VALUE"""),"AVG YDS") -> AVG YDS | G58: =IFERROR(__xludf.DUMMYFUNCTION("""COMPUTED_VALUE"""),"TDs") -> TDs | H58: =IFERROR(__xludf.DUMMYFUNCTION("""COMPUTED_VALUE"""),"Team") -> Team | I58: =IFERROR(__xludf.DUMMYFUNCTION("""COMPUTED_VALUE"""),"User") -> User | J58: =IFERROR(__xludf.DUMMYFUNCTION("""COMPUTED_VALUE"""),"Season") -> Season | K58: =IFERROR(__xludf.DUMMYFUNCTION("""COMPUTED_VALUE"""),"Year") -> Year | L58: =IFERROR(__xludf.DUMMYFUNCTION("""COMPUTED_VALUE"""),"Solo") -> Solo
A59: =IFERROR(__xludf.DUMMYFUNCTION("""COMPUTED_VALUE"""),"WR") -> WR | B59: =IFERROR(__xludf.DUMMYFUNCTION("""COMPUTED_VALUE"""),"Hill") -> Hill | C59: =IFERROR(__xludf.DUMMYFUNCTION("""COMPUTED_VALUE"""),"Drew") -> Drew | D59: =IFERROR(__xludf.DUMMYFUNCTION("""COMPUTED_VALUE"""),86.0) -> 86 | E59: =IFERROR(__xludf.DUMMYFUNCTION("""COMPUTED_VALUE"""),3881.0) -> 3881 | F59: =IFERROR(__xludf.DUMMYFUNCTION("""COMPUTED_VALUE"""),45.1) -> 45.1 | G59: =IFERROR(__xludf.DUMMYFUNCTION("""COMPUTED_VALUE"""),56.0) -> 56 | H59: =IFERROR(__xludf.DUMMYFUNCTION("""COMPUTED_VALUE"""),"HOU") -> HOU | I59: =IFERROR(__xludf.DUMMYFUNCTION("""COMPUTED_VALUE"""),"WB") -> WB | J59: =IFERROR(__xludf.DUMMYFUNCTION("""COMPUTED_VALUE"""),6.0) -> 6 | K59: =IFERROR(__xludf.DUMMYFUNCTION("""COMPUTED_VALUE"""),2011.0) -> 2011 | L59: =IFERROR(__xludf.DUMMYFUNCTION("""COMPUTED_VALUE"""),"No") -> No
A60: =IFERROR(__xludf.DUMMYFUNCTION("""COMPUTED_VALUE"""),"WR") -> WR | B60: =IFERROR(__xludf.DUMMYFUNCTION("""COMPUTED_VALUE"""),"Hill") -> Hill | C60: =IFERROR(__xludf.DUMMYFUNCTION("""COMPUTED_VALUE"""),"Drew") -> Drew | D60: =IFERROR(__xludf.DUMMYFUNCTION("""COMPUTED_VALUE"""),84.0) -> 84 | E60: =IFERROR(__xludf.DUMMYFUNCTION("""COMPUTED_VALUE"""),3345.0) -> 3345 | F60: =IFERROR(__xludf.DUMMYFUNCTION("""COMPUTED_VALUE"""),39.8) -> 39.8 | G60: =IFERROR(__xludf.DUMMYFUNCTION("""COMPUTED_VALUE"""),46.0) -> 46 | H60: =IFERROR(__xludf.DUMMYFUNCTION("""COMPUTED_VALUE"""),"HOU") -> HOU | I60: =IFERROR(__xludf.DUMMYFUNCTION("""COMPUTED_VALUE"""),"WB") -> WB | J60: =IFERROR(__xludf.DUMMYFUNCTION("""COMPUTED_VALUE"""),10.0) -> 10 | K60: =IFERROR(__xludf.DUMMYFUNCTION("""COMPUTED_VALUE"""),2018.0) -> 2018 | L60: =IFERROR(__xludf.DUMMYFUNCTION("""COMPUTED_VALUE"""),"No") -> No
A61: =IFERROR(__xludf.DUMMYFUNCTION("""COMPUTED_VALUE"""),"WR") -> WR | B61: =IFERROR(__xludf.DUMMYFUNCTION("""COMPUTED_VALUE"""),"Rice") -> Rice | C61: =IFERROR(__xludf.DUMMYFUNCTION("""COMPUTED_VALUE"""),"Jerry") -> Jerry | D61: =IFERROR(__xludf.DUMMYFUNCTION("""COMPUTED_VALUE"""),70.0) -> 70 | E61: =IFERROR(__xludf.DUMMYFUNCTION("""COMPUTED_VALUE"""),3287.0) -> 3287 | F61: =IFERROR(__xludf.DUMMYFUNCTION("""COMPUTED_VALUE"""),46.9) -> 46.9 | G61: =IFERROR(__xludf.DUMMYFUNCTION("""COMPUTED_VALUE"""),46.0) -> 46 | H61: =IFERROR(__xludf.DUMMYFUNCTION("""COMPUTED_VALUE"""),"SF") -> SF | I61: =IFERROR(__xludf.DUMMYFUNCTION("""COMPUTED_VALUE"""),"TD") -> TD | J61: =IFERROR(__xludf.DUMMYFUNCTION("""COMPUTED_VALUE"""),10.0) -> 10 | K61: =IFERROR(__xludf.DUMMYFUNCTION("""COMPUTED_VALUE"""),2018.0) -> 2018 | L61: =IFERROR(__xludf.DUMMYFUNCTION("""COMPUTED_VALUE"""),"No") -> No
A63: Highest Average Yards Per Catch
A64: =IFERROR(__xludf.DUMMYFUNCTION("query(Receiving!A2:L261, ""select * where L = 'No' order by F desc limit 3"",1)"),"POS") -> POS | B64: =IFERROR(__xludf.DUMMYFUNCTION("""COMPUTED_VALUE"""),"Last Name") -> Last Name | C64: =IFERROR(__xludf.DUMMYFUNCTION("""COMPUTED_VALUE"""),"First Name") -> First Name | D64: =IFERROR(__xludf.DUMMYFUNCTION("""COMPUTED_VALUE"""),"REC") -> REC | E64: =IFERROR(__xludf.DUMMYFUNCTION("""COMPUTED_VALUE"""),"YDS") -> YDS | F64: =IFERROR(__xludf.DUMMYFUNCTION("""COMPUTED_VALUE"""),"AVG YDS") -> AVG YDS | G64: =IFERROR(__xludf.DUMMYFUNCTION("""COMPUTED_VALUE"""),"TDs") -> TDs | H64: =IFERROR(__xludf.DUMMYFUNCTION("""COMPUTED_VALUE"""),"Team") -> Team | I64: =IFERROR(__xludf.DUMMYFUNCTION("""COMPUTED_VALUE"""),"User") -> User | J64: =IFERROR(__xludf.DUMMYFUNCTION("""COMPUTED_VALUE"""),"Season") -> Season | K64: =IFERROR(__xludf.DUMMYFUNCTION("""COMPUTED_VALUE"""),"Year") -> Year | L64: =IFERROR(__xludf.DUMMYFUNCTION("""COMPUTED_VALUE"""),"Solo") -> Solo
A65: =IFERROR(__xludf.DUMMYFUNCTION("""COMPUTED_VALUE"""),"WR") -> WR | B65: =IFERROR(__xludf.DUMMYFUNCTION("""COMPUTED_VALUE"""),"Moore") -> Moore | C65: =IFERROR(__xludf.DUMMYFUNCTION("""COMPUTED_VALUE"""),"Rob") -> Rob | D65: =IFERROR(__xludf.DUMMYFUNCTION("""COMPUTED_VALUE"""),32.0) -> 32 | E65: =IFERROR(__xludf.DUMMYFUNCTION("""COMPUTED_VALUE"""),1771.0) -> 1771 | F65: =IFERROR(__xludf.DUMMYFUNCTION("""COMPUTED_VALUE"""),55.3) -> 55.3 | G65: =IFERROR(__xludf.DUMMYFUNCTION("""COMPUTED_VALUE"""),24.0) -> 24 | H65: =IFERROR(__xludf.DUMMYFUNCTION("""COMPUTED_VALUE"""),"JET") -> JET | I65: =IFERROR(__xludf.DUMMYFUNCTION("""COMPUTED_VALUE"""),"CJ") -> CJ | J65: =IFERROR(__xludf.DUMMYFUNCTION("""COMPUTED_VALUE"""),9.0) -> 9 | K65: =IFERROR(__xludf.DUMMYFUNCTION("""COMPUTED_VALUE"""),2017.0) -> 2017 | L65: =IFERROR(__xludf.DUMMYFUNCTION("""COMPUTED_VALUE"""),"No") -> No
A66: =IFERROR(__xludf.DUMMYFUNCTION("""COMPUTED_VALUE"""),"WR") -> WR | B66: =IFERROR(__xludf.DUMMYFUNCTION("""COMPUTED_VALUE"""),"Johnson") -> Johnson | C66: =IFERROR(__xludf.DUMMYFUNCTION("""COMPUTED_VALUE"""),"Vance") -> Vance | D66: =IFERROR(__xludf.DUMMYFUNCTION("""COMPUTED_VALUE"""),19.0) -> 19 | E66: =IFERROR(__xludf.DUMMYFUNCTION("""COMPUTED_VALUE"""),1021.0) -> 1021 | F66: =IFERROR(__xludf.DUMMYFUNCTION("""COMPUTED_VALUE"""),53.7) -> 53.7 | G66: =IFERROR(__xludf.DUMMYFUNCTION("""COMPUTED_VALUE"""),11.0) -> 11 | H66: =IFERROR(__xludf.DUMMYFUNCTION("""COMPUTED_VALUE"""),"DEN") -> DEN | I66: =IFERROR(__xludf.DUMMYFUNCTION("""COMPUTED_VALUE"""),"CR") -> CR | J66: =IFERROR(__xludf.DUMMYFUNCTION("""COMPUTED_VALUE"""),12.0) -> 12 | K66: =IFERROR(__xludf.DUMMYFUNCTION("""COMPUTED_VALUE"""),2020.0) -> 2020 | L66: =IFERROR(__xludf.DUMMYFUNCTION("""COMPUTED_VALUE"""),"No") -> No
A67: =IFERROR(__xludf.DUMMYFUNCTION("""COMPUTED_VALUE"""),"WR") -> WR | B67: =IFERROR(__xludf.DUMMYFUNCTION("""COMPUTED_VALUE"""),"Reed") -> Reed | C67: =IFERROR(__xludf.DUMMYFUNCTION("""COMPUTED_VALUE"""),"Andre") -> Andre | D67: =IFERROR(__xludf.DUMMYFUNCTION("""COMPUTED_VALUE"""),62.0) -> 62 | E67: =IFERROR(__xludf.DUMMYFUNCTION("""COMPUTED_VALUE"""),3257.0) -> 3257 | F67: =IFERROR(__xludf.DUMMYFUNCTION("""COMPUTED_VALUE"""),52.5) -> 52.5 | G67: =IFERROR(__xludf.DUMMYFUNCTION("""COMPUTED_VALUE"""),41.0) -> 41 | H67: =IFERROR(__xludf.DUMMYFUNCTION("""COMPUTED_VALUE"""),"BUF") -> BUF | I67: =IFERROR(__xludf.DUMMYFUNCTION("""COMPUTED_VALUE"""),"CR") -> CR | J67: =IFERROR(__xludf.DUMMYFUNCTION("""COMPUTED_VALUE"""),5.0) -> 5 | K67: =IFERROR(__xludf.DUMMYFUNCTION("""COMPUTED_VALUE"""),2010.0) -> 2010 | L67: =IFERROR(__xludf.DUMMYFUNCTION("""COMPUTED_VALUE"""),"No") -> No
A69: Most Receiving Touchdowns
A70: =IFERROR(__xludf.DUMMYFUNCTION("query(Receiving!A2:L261, ""select * where L = 'No' order by G desc limit 3"",1)"),"POS") -> POS | B70: =IFERROR(__xludf.DUMMYFUNCTION("""COMPUTED_VALUE"""),"Last Name") -> Last Name | C70: =IFERROR(__xludf.DUMMYFUNCTION("""COMPUTED_VALUE"""),"First Name") -> First Name | D70: =IFERROR(__xludf.DUMMYFUNCTION("""COMPUTED_VALUE"""),"REC") -> REC | E70: =IFERROR(__xludf.DUMMYFUNCTION("""COMPUTED_VALUE"""),"YDS") -> YDS | F70: =IFERROR(__xludf.DUMMYFUNCTION("""COMPUTED_VALUE"""),"AVG YDS") -> AVG YDS | G70: =IFERROR(__xludf.DUMMYFUNCTION("""COMPUTED_VALUE"""),"TDs") -> TDs | H70: =IFERROR(__xludf.DUMMYFUNCTION("""COMPUTED_VALUE"""),"Team") -> Team | I70: =IFERROR(__xludf.DUMMYFUNCTION("""COMPUTED_VALUE"""),"User") -> User | J70: =IFERROR(__xludf.DUMMYFUNCTION("""COMPUTED_VALUE"""),"Season") -> Season | K70: =IFERROR(__xludf.DUMMYFUNCTION("""COMPUTED_VALUE"""),"Year") -> Year | L70: =IFERROR(__xludf.DUMMYFUNCTION("""COMPUTED_VALUE"""),"Solo") -> Solo
A71: =IFERROR(__xludf.DUMMYFUNCTION("""COMPUTED_VALUE"""),"WR") -> WR | B71: =IFERROR(__xludf.DUMMYFUNCTION("""COMPUTED_VALUE"""),"Hill") -> Hill | C71: =IFERROR(__xludf.DUMMYFUNCTION("""COMPUTED_VALUE"""),"Drew") -> Drew | D71: =IFERROR(__xludf.DUMMYFUNCTION("""COMPUTED_VALUE"""),86.0) -> 86 | E71: =IFERROR(__xludf.DUMMYFUNCTION("""COMPUTED_VALUE"""),3881.0) -> 3881 | F71: =IFERROR(__xludf.DUMMYFUNCTION("""COMPUTED_VALUE"""),45.1) -> 45.1 | G71: =IFERROR(__xludf.DUMMYFUNCTION("""COMPUTED_VALUE"""),56.0) -> 56 | H71: =IFERROR(__xludf.DUMMYFUNCTION("""COMPUTED_VALUE"""),"HOU") -> HOU | I71: =IFERROR(__xludf.DUMMYFUNCTION("""COMPUTED_VALUE"""),"WB") -> WB | J71: =IFERROR(__xludf.DUMMYFUNCTION("""COMPUTED_VALUE"""),6.0) -> 6 | K71: =IFERROR(__xludf.DUMMYFUNCTION("""COMPUTED_VALUE"""),2011.0) -> 2011 | L71: =IFERROR(__xludf.DUMMYFUNCTION("""COMPUTED_VALUE"""),"No") -> No
A72: =IFERROR(__xludf.DUMMYFUNCTION("""COMPUTED_VALUE"""),"WR") -> WR | B72: =IFERROR(__xludf.DUMMYFUNCTION("""COMPUTED_VALUE"""),"Duper") -> Duper | C72: =IFERROR(__xludf.DUMMYFUNCTION("""COMPUTED_VALUE"""),"Mark") -> Mark | D72: =IFERROR(__xludf.DUMMYFUNCTION("""COMPUTED_VALUE"""),66.0) -> 66 | E72: =IFERROR(__xludf.DUMMYFUNCTION("""COMPUTED_VALUE"""),2796.0) -> 2796 | F72: =IFERROR(__xludf.DUMMYFUNCTION("""COMPUTED_VALUE"""),42.3) -> 42.3 | G72: =IFERROR(__xludf.DUMMYFUNCTION("""COMPUTED_VALUE"""),56.0) -> 56 | H72: =IFERROR(__xludf.DUMMYFUNCTION("""COMPUTED_VALUE"""),"MIA") -> MIA | I72: =IFERROR(__xludf.DUMMYFUNCTION("""COMPUTED_VALUE"""),"CJ") -> CJ | J72: =IFERROR(__xludf.DUMMYFUNCTION("""COMPUTED_VALUE"""),13.0) -> 13 | K72: =IFERROR(__xludf.DUMMYFUNCTION("""COMPUTED_VALUE"""),2021.0) -> 2021 | L72: =IFERROR(__xludf.DUMMYFUNCTION("""COMPUTED_VALUE"""),"No") -> No
A73: =IFERROR(__xludf.DUMMYFUNCTION("""COMPUTED_VALUE"""),"WR") -> WR | B73: =IFERROR(__xludf.DUMMYFUNCTION("""COMPUTED_VALUE"""),"Hill") -> Hill | C73: =IFERROR(__xludf.DUMMYFUNCTION("""COMPUTED_VALUE"""),"Drew") -> Drew | D73: =IFERROR(__xludf.DUMMYFUNCTION("""COMPUTED_VALUE"""),84.0) -> 84 | E73: =IFERROR(__xludf.DUMMYFUNCTION("""COMPUTED_VALUE"""),3345.0) -> 3345 | F73: =IFERROR(__xludf.DUMMYFUNCTION("""COMPUTED_VALUE"""),39.8) -> 39.8 | G73: =IFERROR(__xludf.DUMMYFUNCTION("""COMPUTED_VALUE"""),46.0) -> 46 | H73: =IFERROR(__xludf.DUMMYFUNCTION("""COMPUTED_VALUE"""),"HOU") -> HOU | I73: =IFERROR(__xludf.DUMMYFUNCTION("""COMPUTED_VALUE"""),"WB") -> WB | J73: =IFERROR(__xludf.DUMMYFUNCTION("""COMPUTED_VALUE"""),10.0) -> 10 | K73: =IFERROR(__xludf.DUMMYFUNCTION("""COMPUTED_VALUE"""),2018.0) -> 2018 | L73: =IFERROR(__xludf.DUMMYFUNCTION("""COMPUTED_VALUE"""),"No") -> No
A75: TECMO RUSHING RECORDS
A76: Most Rushing Yards
A77: =IFERROR(__xludf.DUMMYFUNCTION("query(Rushing!A2:L246, ""select * where L = 'No' order by E desc limit 3"",1)"),"POS") -> POS | B77: =IFERROR(__xludf.DUMMYFUNCTION("""COMPUTED_VALUE"""),"Last Name") -> Last Name | C77: =IFERROR(__xludf.DUMMYFUNCTION("""COMPUTED_VALUE"""),"First Name") -> First Name | D77: =IFERROR(__xludf.DUMMYFUNCTION("""COMPUTED_VALUE"""),"ATT") -> ATT | E77: =IFERROR(__xludf.DUMMYFUNCTION("""COMPUTED_VALUE"""),"YDS") -> YDS | F77: =IFERROR(__xludf.DUMMYFUNCTION("""COMPUTED_VALUE"""),"AVG YDS") -> AVG YDS | G77: =IFERROR(__xludf.DUMMYFUNCTION("""COMPUTED_VALUE"""),"TD") -> TD | H77: =IFERROR(__xludf.DUMMYFUNCTION("""COMPUTED_VALUE"""),"Team") -> Team | I77: =IFERROR(__xludf.DUMMYFUNCTION("""COMPUTED_VALUE"""),"User") -> User | J77: =IFERROR(__xludf.DUMMYFUNCTION("""COMPUTED_VALUE"""),"Season") -> Season | K77: =IFERROR(__xludf.DUMMYFUNCTION("""COMPUTED_VALUE"""),"Year") -> Year | L77: =IFERROR(__xludf.DUMMYFUNCTION("""COMPUTED_VALUE"""),"Solo") -> Solo
A78: =IFERROR(__xludf.DUMMYFUNCTION("""COMPUTED_VALUE"""),"RB") -> RB | B78: =IFERROR(__xludf.DUMMYFUNCTION("""COMPUTED_VALUE"""),"Sanders") -> Sanders | C78: =IFERROR(__xludf.DUMMYFUNCTION("""COMPUTED_VALUE"""),"Barry") -> Barry | D78: =IFERROR(__xludf.DUMMYFUNCTION("""COMPUTED_VALUE"""),281.0) -> 281 | E78: =IFERROR(__xludf.DUMMYFUNCTION("""COMPUTED_VALUE"""),4482.0) -> 4482 | F78: =IFERROR(__xludf.DUMMYFUNCTION("""COMPUTED_VALUE"""),16.0) -> 16 | G78: =IFERROR(__xludf.DUMMYFUNCTION("""COMPUTED_VALUE"""),68.0) -> 68 | H78: =IFERROR(__xludf.DUMMYFUNCTION("""COMPUTED_VALUE"""),"DET") -> DET | I78: =IFERROR(__xludf.DUMMYFUNCTION("""COMPUTED_VALUE"""),"MA") -> MA | J78: =IFERROR(__xludf.DUMMYFUNCTION("""COMPUTED_VALUE"""),19.0) -> 19 | K78: =IFERROR(__xludf.DUMMYFUNCTION("""COMPUTED_VALUE"""),2025.0) -> 2025 | L78: =IFERROR(__xludf.DUMMYFUNCTION("""COMPUTED_VALUE"""),"No") -> No
A79: =IFERROR(__xludf.DUMMYFUNCTION("""COMPUTED_VALUE"""),"RB") -> RB | B79: =IFERROR(__xludf.DUMMYFUNCTION("""COMPUTED_VALUE"""),"Jackson") -> Jackson | C79: =IFERROR(__xludf.DUMMYFUNCTION("""COMPUTED_VALUE"""),"Bo") -> Bo | D79: =IFERROR(__xludf.DUMMYFUNCTION("""COMPUTED_VALUE"""),255.0) -> 255 | E79: =IFERROR(__xludf.DUMMYFUNCTION("""COMPUTED_VALUE"""),4081.0) -> 4081 | F79: =IFERROR(__xludf.DUMMYFUNCTION("""COMPUTED_VALUE"""),16.0) -> 16 | G79: =IFERROR(__xludf.DUMMYFUNCTION("""COMPUTED_VALUE"""),70.0) -> 70 | H79: =IFERROR(__xludf.DUMMYFUNCTION("""COMPUTED_VALUE"""),"RAI") -> RAI | I79: =IFERROR(__xludf.DUMMYFUNCTION("""COMPUTED_VALUE"""),"PJ") -> PJ | J79: =IFERROR(__xludf.DUMMYFUNCTION("""COMPUTED_VALUE"""),13.0) -> 13 | K79: =IFERROR(__xludf.DUMMYFUNCTION("""COMPUTED_VALUE"""),2021.0) -> 2021 | L79: =IFERROR(__xludf.DUMMYFUNCTION("""COMPUTED_VALUE"""),"No") -> No
A80: =IFERROR(__xludf.DUMMYFUNCTION("""COMPUTED_VALUE"""),"RB") -> RB | B80: =IFERROR(__xludf.DUMMYFUNCTION("""COMPUTED_VALUE"""),"Sanders") -> Sanders | C80: =IFERROR(__xludf.DUMMYFUNCTION("""COMPUTED_VALUE"""),"Barry") -> Barry | D80: =IFERROR(__xludf.DUMMYFUNCTION("""COMPUTED_VALUE"""),188.0) -> 188 | E80: =IFERROR(__xludf.DUMMYFUNCTION("""COMPUTED_VALUE"""),3554.0) -> 3554 | F80: =IFERROR(__xludf.DUMMYFUNCTION("""COMPUTED_VALUE"""),18.9) -> 18.9 | G80: =IFERROR(__xludf.DUMMYFUNCTION("""COMPUTED_VALUE"""),58.0) -> 58 | H80: =IFERROR(__xludf.DUMMYFUNCTION("""COMPUTED_VALUE"""),"DET") -> DET | I80: =IFERROR(__xludf.DUMMYFUNCTION("""COMPUTED_VALUE"""),"CJ") -> CJ | J80: =IFERROR(__xludf.DUMMYFUNCTION("""COMPUTED_VALUE"""),7.0) -> 7 | K80: =IFERROR(__xludf.DUMMYFUNCTION("""COMPUTED_VALUE"""),2017.0) -> 2017 | L80: =IFERROR(__xludf.DUMMYFUNCTION("""COMPUTED_VALUE"""),"No") -> No
A82: Highest Average Yards Per Rush
A83: =IFERROR(__xludf.DUMMYFUNCTION("query(Rushing!A2:L246, ""select * where L = 'No' order by F desc limit 3"",1)"),"POS") -> POS | B83: =IFERROR(__xludf.DUMMYFUNCTION("""COMPUTED_VALUE"""),"Last Name") -> Last Name | C83: =IFERROR(__xludf.DUMMYFUNCTION("""COMPUTED_VALUE"""),"First Name") -> First Name | D83: =IFERROR(__xludf.DUMMYFUNCTION("""COMPUTED_VALUE"""),"ATT") -> ATT | E83: =IFERROR(__xludf.DUMMYFUNCTION("""COMPUTED_VALUE"""),"YDS") -> YDS | F83: =IFERROR(__xludf.DUMMYFUNCTION("""COMPUTED_VALUE"""),"AVG YDS") -> AVG YDS | G83: =IFERROR(__xludf.DUMMYFUNCTION("""COMPUTED_VALUE"""),"TD") -> TD | H83: =IFERROR(__xludf.DUMMYFUNCTION("""COMPUTED_VALUE"""),"Team") -> Team | I83: =IFERROR(__xludf.DUMMYFUNCTION("""COMPUTED_VALUE"""),"User") -> User | J83: =IFERROR(__xludf.DUMMYFUNCTION("""COMPUTED_VALUE"""),"Season") -> Season | K83: =IFERROR(__xludf.DUMMYFUNCTION("""COMPUTED_VALUE"""),"Year") -> Year | L83: =IFERROR(__xludf.DUMMYFUNCTION("""COMPUTED_VALUE"""),"Solo") -> Solo
A84: =IFERROR(__xludf.DUMMYFUNCTION("""COMPUTED_VALUE"""),"RB") -> RB | B84: =IFERROR(__xludf.DUMMYFUNCTION("""COMPUTED_VALUE"""),"Sanders") -> Sanders | C84: =IFERROR(__xludf.DUMMYFUNCTION("""COMPUTED_VALUE"""),"Barry") -> Barry | D84: =IFERROR(__xludf.DUMMYFUNCTION("""COMPUTED_VALUE"""),188.0) -> 188 | E84: =IFERROR(__xludf.DUMMYFUNCTION("""COMPUTED_VALUE"""),3554.0) -> 3554 | F84: =IFERROR(__xludf.DUMMYFUNCTION("""COMPUTED_VALUE"""),18.9) -> 18.9 | G84: =IFERROR(__xludf.DUMMYFUNCTION("""COMPUTED_VALUE"""),58.0) -> 58 | H84: =IFERROR(__xludf.DUMMYFUNCTION("""COMPUTED_VALUE"""),"DET") -> DET | I84: =IFERROR(__xludf.DUMMYFUNCTION("""COMPUTED_VALUE"""),"CJ") -> CJ | J84: =IFERROR(__xludf.DUMMYFUNCTION("""COMPUTED_VALUE"""),7.0) -> 7 | K84: =IFERROR(__xludf.DUMMYFUNCTION("""COMPUTED_VALUE"""),2017.0) -> 2017 | L84: =IFERROR(__xludf.DUMMYFUNCTION("""COMPUTED_VALUE"""),"No") -> No
A85: =IFERROR(__xludf.DUMMYFUNCTION("""COMPUTED_VALUE"""),"RB") -> RB | B85: =IFERROR(__xludf.DUMMYFUNCTION("""COMPUTED_VALUE"""),"Jackson") -> Jackson | C85: =IFERROR(__xludf.DUMMYFUNCTION("""COMPUTED_VALUE"""),"Bo") -> Bo | D85: =IFERROR(__xludf.DUMMYFUNCTION("""COMPUTED_VALUE"""),255.0) -> 255 | E85: =IFERROR(__xludf.DUMMYFUNCTION("""COMPUTED_VALUE"""),4081.0) -> 4081 | F85: =IFERROR(__xludf.DUMMYFUNCTION("""COMPUTED_VALUE"""),16.0) -> 16 | G85: =IFERROR(__xludf.DUMMYFUNCTION("""COMPUTED_VALUE"""),70.0) -> 70 | H85: =IFERROR(__xludf.DUMMYFUNCTION("""COMPUTED_VALUE"""),"RAI") -> RAI | I85: =IFERROR(__xludf.DUMMYFUNCTION("""COMPUTED_VALUE"""),"PJ") -> PJ | J85: =IFERROR(__xludf.DUMMYFUNCTION("""COMPUTED_VALUE"""),13.0) -> 13 | K85: =IFERROR(__xludf.DUMMYFUNCTION("""COMPUTED_VALUE"""),2021.0) -> 2021 | L85: =IFERROR(__xludf.DUMMYFUNCTION("""COMPUTED_VALUE"""),"No") -> No
A86: =IFERROR(__xludf.DUMMYFUNCTION("""COMPUTED_VALUE"""),"RB") -> RB | B86: =IFERROR(__xludf.DUMMYFUNCTION("""COMPUTED_VALUE"""),"Sanders") -> Sanders | C86: =IFERROR(__xludf.DUMMYFUNCTION("""COMPUTED_VALUE"""),"Barry") -> Barry | D86: =IFERROR(__xludf.DUMMYFUNCTION("""COMPUTED_VALUE"""),281.0) -> 281 | E86: =IFERROR(__xludf.DUMMYFUNCTION("""COMPUTED_VALUE"""),4482.0) -> 4482 | F86: =IFERROR(__xludf.DUMMYFUNCTION("""COMPUTED_VALUE"""),16.0) -> 16 | G86: =IFERROR(__xludf.DUMMYFUNCTION("""COMPUTED_VALUE"""),68.0) -> 68 | H86: =IFERROR(__xludf.DUMMYFUNCTION("""COMPUTED_VALUE"""),"DET") -> DET | I86: =IFERROR(__xludf.DUMMYFUNCTION("""COMPUTED_VALUE"""),"MA") -> MA | J86: =IFERROR(__xludf.DUMMYFUNCTION("""COMPUTED_VALUE"""),19.0) -> 19 | K86: =IFERROR(__xludf.DUMMYFUNCTION("""COMPUTED_VALUE"""),2025.0) -> 2025 | L86: =IFERROR(__xludf.DUMMYFUNCTION("""COMPUTED_VALUE"""),"No") -> No
A88: Most Rushing Touchdowns
A89: =IFERROR(__xludf.DUMMYFUNCTION("query(Rushing!A2:L246, ""select * where L = 'No' order by G desc limit 3"",1)"),"POS") -> POS | B89: =IFERROR(__xludf.DUMMYFUNCTION("""COMPUTED_VALUE"""),"Last Name") -> Last Name | C89: =IFERROR(__xludf.DUMMYFUNCTION("""COMPUTED_VALUE"""),"First Name") -> First Name | D89: =IFERROR(__xludf.DUMMYFUNCTION("""COMPUTED_VALUE"""),"ATT") -> ATT | E89: =IFERROR(__xludf.DUMMYFUNCTION("""COMPUTED_VALUE"""),"YDS") -> YDS | F89: =IFERROR(__xludf.DUMMYFUNCTION("""COMPUTED_VALUE"""),"AVG YDS") -> AVG YDS | G89: =IFERROR(__xludf.DUMMYFUNCTION("""COMPUTED_VALUE"""),"TD") -> TD | H89: =IFERROR(__xludf.DUMMYFUNCTION("""COMPUTED_VALUE"""),"Team") -> Team | I89: =IFERROR(__xludf.DUMMYFUNCTION("""COMPUTED_VALUE"""),"User") -> User | J89: =IFERROR(__xludf.DUMMYFUNCTION("""COMPUTED_VALUE"""),"Season") -> Season | K89: =IFERROR(__xludf.DUMMYFUNCTION("""COMPUTED_VALUE"""),"Year") -> Year | L89: =IFERROR(__xludf.DUMMYFUNCTION("""COMPUTED_VALUE"""),"Solo") -> Solo
A90: =IFERROR(__xludf.DUMMYFUNCTION("""COMPUTED_VALUE"""),"RB") -> RB | B90: =IFERROR(__xludf.DUMMYFUNCTION("""COMPUTED_VALUE"""),"Jackson") -> Jackson | C90: =IFERROR(__xludf.DUMMYFUNCTION("""COMPUTED_VALUE"""),"Bo") -> Bo | D90: =IFERROR(__xludf.DUMMYFUNCTION("""COMPUTED_VALUE"""),255.0) -> 255 | E90: =IFERROR(__xludf.DUMMYFUNCTION("""COMPUTED_VALUE"""),4081.0) -> 4081 | F90: =IFERROR(__xludf.DUMMYFUNCTION("""COMPUTED_VALUE"""),16.0) -> 16 | G90: =IFERROR(__xludf.DUMMYFUNCTION("""COMPUTED_VALUE"""),70.0) -> 70 | H90: =IFERROR(__xludf.DUMMYFUNCTION("""COMPUTED_VALUE"""),"RAI") -> RAI | I90: =IFERROR(__xludf.DUMMYFUNCTION("""COMPUTED_VALUE"""),"PJ") -> PJ | J90: =IFERROR(__xludf.DUMMYFUNCTION("""COMPUTED_VALUE"""),13.0) -> 13 | K90: =IFERROR(__xludf.DUMMYFUNCTION("""COMPUTED_VALUE"""),2021.0) -> 2021 | L90: =IFERROR(__xludf.DUMMYFUNCTION("""COMPUTED_VALUE"""),"No") -> No
A91: =IFERROR(__xludf.DUMMYFUNCTION("""COMPUTED_VALUE"""),"RB") -> RB | B91: =IFERROR(__xludf.DUMMYFUNCTION("""COMPUTED_VALUE"""),"Anderson") -> Anderson | C91: =IFERROR(__xludf.DUMMYFUNCTION("""COMPUTED_VALUE"""),"Neal") -> Neal | D91: =IFERROR(__xludf.DUMMYFUNCTION("""COMPUTED_VALUE"""),255.0) -> 255 | E91: =IFERROR(__xludf.DUMMYFUNCTION("""COMPUTED_VALUE"""),3294.0) -> 3294 | F91: =IFERROR(__xludf.DUMMYFUNCTION("""COMPUTED_VALUE"""),12.9) -> 12.9 | G91: =IFERROR(__xludf.DUMMYFUNCTION("""COMPUTED_VALUE"""),68.0) -> 68 | H91: =IFERROR(__xludf.DUMMYFUNCTION("""COMPUTED_VALUE"""),"CHI") -> CHI | I91: =IFERROR(__xludf.DUMMYFUNCTION("""COMPUTED_VALUE"""),"CJ") -> CJ | J91: =IFERROR(__xludf.DUMMYFUNCTION("""COMPUTED_VALUE"""),6.0) -> 6 | K91: =IFERROR(__xludf.DUMMYFUNCTION("""COMPUTED_VALUE"""),2011.0) -> 2011 | L91: =IFERROR(__xludf.DUMMYFUNCTION("""COMPUTED_VALUE"""),"No") -> No
A92: =IFERROR(__xludf.DUMMYFUNCTION("""COMPUTED_VALUE"""),"RB") -> RB | B92: =IFERROR(__xludf.DUMMYFUNCTION("""COMPUTED_VALUE"""),"Sanders") -> Sanders | C92: =IFERROR(__xludf.DUMMYFUNCTION("""COMPUTED_VALUE"""),"Barry") -> Barry | D92: =IFERROR(__xludf.DUMMYFUNCTION("""COMPUTED_VALUE"""),281.0) -> 281 | E92: =IFERROR(__xludf.DUMMYFUNCTION("""COMPUTED_VALUE"""),4482.0) -> 4482 | F92: =IFERROR(__xludf.DUMMYFUNCTION("""COMPUTED_VALUE"""),16.0) -> 16 | G92: =IFERROR(__xludf.DUMMYFUNCTION("""COMPUTED_VALUE"""),68.0) -> 68 | H92: =IFERROR(__xludf.DUMMYFUNCTION("""COMPUTED_VALUE"""),"DET") -> DET | I92: =IFERROR(__xludf.DUMMYFUNCTION("""COMPUTED_VALUE"""),"MA") -> MA | J92: =IFERROR(__xludf.DUMMYFUNCTION("""COMPUTED_VALUE"""),19.0) -> 19 | K92: =IFERROR(__xludf.DUMMYFUNCTION("""COMPUTED_VALUE"""),2025.0) -> 2025 | L92: =IFERROR(__xludf.DUMMYFUNCTION("""COMPUTED_VALUE"""),"No") -> No
A94: TECMO SCORING RECORDS
A95: Most Points Scored
A96: =IFERROR(__xludf.DUMMYFUNCTION("query(Scoring!A2:I245, ""select * where I = 'No' order by D desc limit 3"",1)"),"POS") -> POS | B96: =IFERROR(__xludf.DUMMYFUNCTION("""COMPUTED_VALUE"""),"Last Name") -> Last Name | C96: =IFERROR(__xludf.DUMMYFUNCTION("""COMPUTED_VALUE"""),"First Name") -> First Name | D96: =IFERROR(__xludf.DUMMYFUNCTION("""COMPUTED_VALUE"""),"POINTS") -> POINTS | E96: =IFERROR(__xludf.DUMMYFUNCTION("""COMPUTED_VALUE"""),"Team") -> Team | F96: =IFERROR(__xludf.DUMMYFUNCTION("""COMPUTED_VALUE"""),"User") -> User | G96: =IFERROR(__xludf.DUMMYFUNCTION("""COMPUTED_VALUE"""),"Season") -> Season | H96: =IFERROR(__xludf.DUMMYFUNCTION("""COMPUTED_VALUE"""),"Year") -> Year | I96: =IFERROR(__xludf.DUMMYFUNCTION("""COMPUTED_VALUE"""),"Solo") -> Solo
A97: =IFERROR(__xludf.DUMMYFUNCTION("""COMPUTED_VALUE"""),"RB") -> RB | B97: =IFERROR(__xludf.DUMMYFUNCTION("""COMPUTED_VALUE"""),"Jackson") -> Jackson | C97: =IFERROR(__xludf.DUMMYFUNCTION("""COMPUTED_VALUE"""),"Bo") -> Bo | D97: =IFERROR(__xludf.DUMMYFUNCTION("""COMPUTED_VALUE"""),420.0) -> 420 | E97: =IFERROR(__xludf.DUMMYFUNCTION("""COMPUTED_VALUE"""),"RAI") -> RAI | F97: =IFERROR(__xludf.DUMMYFUNCTION("""COMPUTED_VALUE"""),"PJ") -> PJ | G97: =IFERROR(__xludf.DUMMYFUNCTION("""COMPUTED_VALUE"""),13.0) -> 13 | H97: =IFERROR(__xludf.DUMMYFUNCTION("""COMPUTED_VALUE"""),2021.0) -> 2021 | I97: =IFERROR(__xludf.DUMMYFUNCTION("""COMPUTED_VALUE"""),"No") -> No
A98: =IFERROR(__xludf.DUMMYFUNCTION("""COMPUTED_VALUE"""),"RB") -> RB | B98: =IFERROR(__xludf.DUMMYFUNCTION("""COMPUTED_VALUE"""),"Anderson") -> Anderson | C98: =IFERROR(__xludf.DUMMYFUNCTION("""COMPUTED_VALUE"""),"Neal") -> Neal | D98: =IFERROR(__xludf.DUMMYFUNCTION("""COMPUTED_VALUE"""),408.0) -> 408 | E98: =IFERROR(__xludf.DUMMYFUNCTION("""COMPUTED_VALUE"""),"CHI") -> CHI | F98: =IFERROR(__xludf.DUMMYFUNCTION("""COMPUTED_VALUE"""),"CJ") -> CJ | G98: =IFERROR(__xludf.DUMMYFUNCTION("""COMPUTED_VALUE"""),6.0) -> 6 | H98: =IFERROR(__xludf.DUMMYFUNCTION("""COMPUTED_VALUE"""),2011.0) -> 2011 | I98: =IFERROR(__xludf.DUMMYFUNCTION("""COMPUTED_VALUE"""),"No") -> No
A99: =IFERROR(__xludf.DUMMYFUNCTION("""COMPUTED_VALUE"""),"RB") -> RB | B99: =IFERROR(__xludf.DUMMYFUNCTION("""COMPUTED_VALUE"""),"Sanders") -> Sanders | C99: =IFERROR(__xludf.DUMMYFUNCTION("""COMPUTED_VALUE"""),"Barry") -> Barry | D99: =IFERROR(__xludf.DUMMYFUNCTION("""COMPUTED_VALUE"""),408.0) -> 408 | E99: =IFERROR(__xludf.DUMMYFUNCTION("""COMPUTED_VALUE"""),"DET") -> DET | F99: =IFERROR(__xludf.DUMMYFUNCTION("""COMPUTED_VALUE"""),"MA") -> MA | G99: =IFERROR(__xludf.DUMMYFUNCTION("""COMPUTED_VALUE"""),19.0) -> 19 | H99: =IFERROR(__xludf.DUMMYFUNCTION("""COMPUTED_VALUE"""),2025.0) -> 2025 | I99: =IFERROR(__xludf.DUMMYFUNCTION("""COMPUTED_VALUE"""),"No") -> No
A101: TECMO SPECIAL TEAM AND DEFENSIVE RECORDS
A102: Most Punt Returns
A103: =IFERROR(__xludf.DUMMYFUNCTION("query('Punt Return'!A2:L129, ""select * where L = 'No' order by D desc limit 3"",1)"),"POS") -> POS | B103: =IFERROR(__xludf.DUMMYFUNCTION("""COMPUTED_VALUE"""),"Last Name") -> Last Name | C103: =IFERROR(__xludf.DUMMYFUNCTION("""COMPUTED_VALUE"""),"First Name") -> First Name | D103: =IFERROR(__xludf.DUMMYFUNCTION("""COMPUTED_VALUE"""),"PUNT RET") -> PUNT RET | E103: =IFERROR(__xludf.DUMMYFUNCTION("""COMPUTED_VALUE"""),"YDS") -> YDS | F103: =IFERROR(__xludf.DUMMYFUNCTION("""COMPUTED_VALUE"""),"AVG") -> AVG | G103: =IFERROR(__xludf.DUMMYFUNCTION("""COMPUTED_VALUE"""),"TD") -> TD | H103: =IFERROR(__xludf.DUMMYFUNCTION("""COMPUTED_VALUE"""),"Team") -> Team | I103: =IFERROR(__xludf.DUMMYFUNCTION("""COMPUTED_VALUE"""),"User") -> User | J103: =IFERROR(__xludf.DUMMYFUNCTION("""COMPUTED_VALUE"""),"Season") -> Season | K103: =IFERROR(__xludf.DUMMYFUNCTION("""COMPUTED_VALUE"""),"Year") -> Year | L103: =IFERROR(__xludf.DUMMYFUNCTION("""COMPUTED_VALUE"""),"Solo") -> Solo
A104: =IFERROR(__xludf.DUMMYFUNCTION("""COMPUTED_VALUE"""),"RB") -> RB | B104: =IFERROR(__xludf.DUMMYFUNCTION("""COMPUTED_VALUE"""),"Megget") -> Megget | C104: =IFERROR(__xludf.DUMMYFUNCTION("""COMPUTED_VALUE"""),"Dave") -> Dave | D104: =IFERROR(__xludf.DUMMYFUNCTION("""COMPUTED_VALUE"""),30.0) -> 30 | E104: =IFERROR(__xludf.DUMMYFUNCTION("""COMPUTED_VALUE"""),469.0) -> 469 | F104: =IFERROR(__xludf.DUMMYFUNCTION("""COMPUTED_VALUE"""),15.6) -> 15.6 | G104: =IFERROR(__xludf.DUMMYFUNCTION("""COMPUTED_VALUE"""),1.0) -> 1 | H104: =IFERROR(__xludf.DUMMYFUNCTION("""COMPUTED_VALUE"""),"GIA") -> GIA | I104: =IFERROR(__xludf.DUMMYFUNCTION("""COMPUTED_VALUE"""),"PJ") -> PJ | J104: =IFERROR(__xludf.DUMMYFUNCTION("""COMPUTED_VALUE"""),5.0) -> 5 | K104: =IFERROR(__xludf.DUMMYFUNCTION("""COMPUTED_VALUE"""),2010.0) -> 2010 | L104: =IFERROR(__xludf.DUMMYFUNCTION("""COMPUTED_VALUE"""),"No") -> No
A105: =IFERROR(__xludf.DUMMYFUNCTION("""COMPUTED_VALUE"""),"RB") -> RB | B105: =IFERROR(__xludf.DUMMYFUNCTION("""COMPUTED_VALUE"""),"Megget") -> Megget | C105: =IFERROR(__xludf.DUMMYFUNCTION("""COMPUTED_VALUE"""),"Dave") -> Dave | D105: =IFERROR(__xludf.DUMMYFUNCTION("""COMPUTED_VALUE"""),30.0) -> 30 | E105: =IFERROR(__xludf.DUMMYFUNCTION("""COMPUTED_VALUE"""),424.0) -> 424 | F105: =IFERROR(__xludf.DUMMYFUNCTION("""COMPUTED_VALUE"""),14.1) -> 14.1 | G105: =IFERROR(__xludf.DUMMYFUNCTION("""COMPUTED_VALUE"""),0.0) -> 0 | H105: =IFERROR(__xludf.DUMMYFUNCTION("""COMPUTED_VALUE"""),"GIA") -> GIA | I105: =IFERROR(__xludf.DUMMYFUNCTION("""COMPUTED_VALUE"""),"PJ") -> PJ | J105: =IFERROR(__xludf.DUMMYFUNCTION("""COMPUTED_VALUE"""),7.0) -> 7 | K105: =IFERROR(__xludf.DUMMYFUNCTION("""COMPUTED_VALUE"""),2017.0) -> 2017 | L105: =IFERROR(__xludf.DUMMYFUNCTION("""COMPUTED_VALUE"""),"No") -> No
A106: =IFERROR(__xludf.DUMMYFUNCTION("""COMPUTED_VALUE"""),"WR") -> WR | B106: =IFERROR(__xludf.DUMMYFUNCTION("""COMPUTED_VALUE"""),"Williams") -> Williams | C106: =IFERROR(__xludf.DUMMYFUNCTION("""COMPUTED_VALUE"""),"Calvin") -> Calvin | D106: =IFERROR(__xludf.DUMMYFUNCTION("""COMPUTED_VALUE"""),30.0) -> 30 | E106: =IFERROR(__xludf.DUMMYFUNCTION("""COMPUTED_VALUE"""),215.0) -> 215 | F106: =IFERROR(__xludf.DUMMYFUNCTION("""COMPUTED_VALUE"""),7.1) -> 7.1 | G106: =IFERROR(__xludf.DUMMYFUNCTION("""COMPUTED_VALUE"""),0.0) -> 0 | H106: =IFERROR(__xludf.DUMMYFUNCTION("""COMPUTED_VALUE"""),"PHI") -> PHI | I106: =IFERROR(__xludf.DUMMYFUNCTION("""COMPUTED_VALUE"""),"WB") -> WB | J106: =IFERROR(__xludf.DUMMYFUNCTION("""COMPUTED_VALUE"""),13.0) -> 13 | K106: =IFERROR(__xludf.DUMMYFUNCTION("""COMPUTED_VALUE"""),2021.0) -> 2021 | L106: =IFERROR(__xludf.DUMMYFUNCTION("""COMPUTED_VALUE"""),"No") -> No
A108: Most Punt Return Yards
A109: =IFERROR(__xludf.DUMMYFUNCTION("query('Punt Return'!A2:L129, ""select * where L = 'No' order by E desc limit 3"",1)"),"POS") -> POS | B109: =IFERROR(__xludf.DUMMYFUNCTION("""COMPUTED_VALUE"""),"Last Name") -> Last Name | C109: =IFERROR(__xludf.DUMMYFUNCTION("""COMPUTED_VALUE"""),"First Name") -> First Name | D109: =IFERROR(__xludf.DUMMYFUNCTION("""COMPUTED_VALUE"""),"PUNT RET") -> PUNT RET | E109: =IFERROR(__xludf.DUMMYFUNCTION("""COMPUTED_VALUE"""),"YDS") -> YDS | F109: =IFERROR(__xludf.DUMMYFUNCTION("""COMPUTED_VALUE"""),"AVG") -> AVG | G109: =IFERROR(__xludf.DUMMYFUNCTION("""COMPUTED_VALUE"""),"TD") -> TD | H109: =IFERROR(__xludf.DUMMYFUNCTION("""COMPUTED_VALUE"""),"Team") -> Team | I109: =IFERROR(__xludf.DUMMYFUNCTION("""COMPUTED_VALUE"""),"User") -> User | J109: =IFERROR(__xludf.DUMMYFUNCTION("""COMPUTED_VALUE"""),"Season") -> Season | K109: =IFERROR(__xludf.DUMMYFUNCTION("""COMPUTED_VALUE"""),"Year") -> Year | L109: =IFERROR(__xludf.DUMMYFUNCTION("""COMPUTED_VALUE"""),"Solo") -> Solo
A110: =IFERROR(__xludf.DUMMYFUNCTION("""COMPUTED_VALUE"""),"RB") -> RB | B110: =IFERROR(__xludf.DUMMYFUNCTION("""COMPUTED_VALUE"""),"Megget") -> Megget | C110: =IFERROR(__xludf.DUMMYFUNCTION("""COMPUTED_VALUE"""),"Dave") -> Dave | D110: =IFERROR(__xludf.DUMMYFUNCTION("""COMPUTED_VALUE"""),30.0) -> 30 | E110: =IFERROR(__xludf.DUMMYFUNCTION("""COMPUTED_VALUE"""),469.0) -> 469 | F110: =IFERROR(__xludf.DUMMYFUNCTION("""COMPUTED_VALUE"""),15.6) -> 15.6 | G110: =IFERROR(__xludf.DUMMYFUNCTION("""COMPUTED_VALUE"""),1.0) -> 1 | H110: =IFERROR(__xludf.DUMMYFUNCTION("""COMPUTED_VALUE"""),"GIA") -> GIA | I110: =IFERROR(__xludf.DUMMYFUNCTION("""COMPUTED_VALUE"""),"PJ") -> PJ | J110: =IFERROR(__xludf.DUMMYFUNCTION("""COMPUTED_VALUE"""),5.0) -> 5 | K110: =IFERROR(__xludf.DUMMYFUNCTION("""COMPUTED_VALUE"""),2010.0) -> 2010 | L110: =IFERROR(__xludf.DUMMYFUNCTION("""COMPUTED_VALUE"""),"No") -> No
A111: =IFERROR(__xludf.DUMMYFUNCTION("""COMPUTED_VALUE"""),"WR") -> WR | B111: =IFERROR(__xludf.DUMMYFUNCTION("""COMPUTED_VALUE"""),"Hill") -> Hill | C111: =IFERROR(__xludf.DUMMYFUNCTION("""COMPUTED_VALUE"""),"Derek") -> Derek | D111: =IFERROR(__xludf.DUMMYFUNCTION("""COMPUTED_VALUE"""),28.0) -> 28 | E111: =IFERROR(__xludf.DUMMYFUNCTION("""COMPUTED_VALUE"""),435.0) -> 435 | F111: =IFERROR(__xludf.DUMMYFUNCTION("""COMPUTED_VALUE"""),15.5) -> 15.5 | G111: =IFERROR(__xludf.DUMMYFUNCTION("""COMPUTED_VALUE"""),0.0) -> 0 | H111: =IFERROR(__xludf.DUMMYFUNCTION("""COMPUTED_VALUE"""),"PIT") -> PIT | I111: =IFERROR(__xludf.DUMMYFUNCTION("""COMPUTED_VALUE"""),"PJ") -> PJ | J111: =IFERROR(__xludf.DUMMYFUNCTION("""COMPUTED_VALUE"""),15.0) -> 15 | K111: =IFERROR(__xludf.DUMMYFUNCTION("""COMPUTED_VALUE"""),2023.0) -> 2023 | L111: =IFERROR(__xludf.DUMMYFUNCTION("""COMPUTED_VALUE"""),"No") -> No
A112: =IFERROR(__xludf.DUMMYFUNCTION("""COMPUTED_VALUE"""),"RB") -> RB | B112: =IFERROR(__xludf.DUMMYFUNCTION("""COMPUTED_VALUE"""),"Megget") -> Megget | C112: =IFERROR(__xludf.DUMMYFUNCTION("""COMPUTED_VALUE"""),"Dave") -> Dave | D112: =IFERROR(__xludf.DUMMYFUNCTION("""COMPUTED_VALUE"""),30.0) -> 30 | E112: =IFERROR(__xludf.DUMMYFUNCTION("""COMPUTED_VALUE"""),424.0) -> 424 | F112: =IFERROR(__xludf.DUMMYFUNCTION("""COMPUTED_VALUE"""),14.1) -> 14.1 | G112: =IFERROR(__xludf.DUMMYFUNCTION("""COMPUTED_VALUE"""),0.0) -> 0 | H112: =IFERROR(__xludf.DUMMYFUNCTION("""COMPUTED_VALUE"""),"GIA") -> GIA | I112: =IFERROR(__xludf.DUMMYFUNCTION("""COMPUTED_VALUE"""),"PJ") -> PJ | J112: =IFERROR(__xludf.DUMMYFUNCTION("""COMPUTED_VALUE"""),7.0) -> 7 | K112: =IFERROR(__xludf.DUMMYFUNCTION("""COMPUTED_VALUE"""),2017.0) -> 2017 | L112: =IFERROR(__xludf.DUMMYFUNCTION("""COMPUTED_VALUE"""),"No") -> No
A114: Hightest Punt Return Average
A115: =IFERROR(__xludf.DUMMYFUNCTION("query('Punt Return'!A2:L129, ""select * where L = 'No' order by F desc limit 3"",1)"),"POS") -> POS | B115: =IFERROR(__xludf.DUMMYFUNCTION("""COMPUTED_VALUE"""),"Last Name") -> Last Name | C115: =IFERROR(__xludf.DUMMYFUNCTION("""COMPUTED_VALUE"""),"First Name") -> First Name | D115: =IFERROR(__xludf.DUMMYFUNCTION("""COMPUTED_VALUE"""),"PUNT RET") -> PUNT RET | E115: =IFERROR(__xludf.DUMMYFUNCTION("""COMPUTED_VALUE"""),"YDS") -> YDS | F115: =IFERROR(__xludf.DUMMYFUNCTION("""COMPUTED_VALUE"""),"AVG") -> AVG | G115: =IFERROR(__xludf.DUMMYFUNCTION("""COMPUTED_VALUE"""),"TD") -> TD | H115: =IFERROR(__xludf.DUMMYFUNCTION("""COMPUTED_VALUE"""),"Team") -> Team | I115: =IFERROR(__xludf.DUMMYFUNCTION("""COMPUTED_VALUE"""),"User") -> User | J115: =IFERROR(__xludf.DUMMYFUNCTION("""COMPUTED_VALUE"""),"Season") -> Season | K115: =IFERROR(__xludf.DUMMYFUNCTION("""COMPUTED_VALUE"""),"Year") -> Year | L115: =IFERROR(__xludf.DUMMYFUNCTION("""COMPUTED_VALUE"""),"Solo") -> Solo
A116: =IFERROR(__xludf.DUMMYFUNCTION("""COMPUTED_VALUE"""),"RB") -> RB | B116: =IFERROR(__xludf.DUMMYFUNCTION("""COMPUTED_VALUE"""),"Winder") -> Winder | C116: =IFERROR(__xludf.DUMMYFUNCTION("""COMPUTED_VALUE"""),"Sammy") -> Sammy | D116: =IFERROR(__xludf.DUMMYFUNCTION("""COMPUTED_VALUE"""),9.0) -> 9 | E116: =IFERROR(__xludf.DUMMYFUNCTION("""COMPUTED_VALUE"""),174.0) -> 174 | F116: =IFERROR(__xludf.DUMMYFUNCTION("""COMPUTED_VALUE"""),19.3) -> 19.3 | G116: =IFERROR(__xludf.DUMMYFUNCTION("""COMPUTED_VALUE"""),0.0) -> 0 | H116: =IFERROR(__xludf.DUMMYFUNCTION("""COMPUTED_VALUE"""),"DEN") -> DEN | I116: =IFERROR(__xludf.DUMMYFUNCTION("""COMPUTED_VALUE"""),"PJ") -> PJ | J116: =IFERROR(__xludf.DUMMYFUNCTION("""COMPUTED_VALUE"""),21.0) -> 21 | K116: =IFERROR(__xludf.DUMMYFUNCTION("""COMPUTED_VALUE"""),2026.0) -> 2026 | L116: =IFERROR(__xludf.DUMMYFUNCTION("""COMPUTED_VALUE"""),"No") -> No
A117: =IFERROR(__xludf.DUMMYFUNCTION("""COMPUTED_VALUE"""),"RB") -> RB | B117: =IFERROR(__xludf.DUMMYFUNCTION("""COMPUTED_VALUE"""),"Megget") -> Megget | C117: =IFERROR(__xludf.DUMMYFUNCTION("""COMPUTED_VALUE"""),"Dave") -> Dave | D117: =IFERROR(__xludf.DUMMYFUNCTION("""COMPUTED_VALUE"""),30.0) -> 30 | E117: =IFERROR(__xludf.DUMMYFUNCTION("""COMPUTED_VALUE"""),469.0) -> 469 | F117: =IFERROR(__xludf.DUMMYFUNCTION("""COMPUTED_VALUE"""),15.6) -> 15.6 | G117: =IFERROR(__xludf.DUMMYFUNCTION("""COMPUTED_VALUE"""),1.0) -> 1 | H117: =IFERROR(__xludf.DUMMYFUNCTION("""COMPUTED_VALUE"""),"GIA") -> GIA | I117: =IFERROR(__xludf.DUMMYFUNCTION("""COMPUTED_VALUE"""),"PJ") -> PJ | J117: =IFERROR(__xludf.DUMMYFUNCTION("""COMPUTED_VALUE"""),5.0) -> 5 | K117: =IFERROR(__xludf.DUMMYFUNCTION("""COMPUTED_VALUE"""),2010.0) -> 2010 | L117: =IFERROR(__xludf.DUMMYFUNCTION("""COMPUTED_VALUE"""),"No") -> No
A118: =IFERROR(__xludf.DUMMYFUNCTION("""COMPUTED_VALUE"""),"WR") -> WR | B118: =IFERROR(__xludf.DUMMYFUNCTION("""COMPUTED_VALUE"""),"Hill") -> Hill | C118: =IFERROR(__xludf.DUMMYFUNCTION("""COMPUTED_VALUE"""),"Derek") -> Derek | D118: =IFERROR(__xludf.DUMMYFUNCTION("""COMPUTED_VALUE"""),28.0) -> 28 | E118: =IFERROR(__xludf.DUMMYFUNCTION("""COMPUTED_VALUE"""),435.0) -> 435 | F118: =IFERROR(__xludf.DUMMYFUNCTION("""COMPUTED_VALUE"""),15.5) -> 15.5 | G118: =IFERROR(__xludf.DUMMYFUNCTION("""COMPUTED_VALUE"""),0.0) -> 0 | H118: =IFERROR(__xludf.DUMMYFUNCTION("""COMPUTED_VALUE"""),"PIT") -> PIT | I118: =IFERROR(__xludf.DUMMYFUNCTION("""COMPUTED_VALUE"""),"PJ") -> PJ | J118: =IFERROR(__xludf.DUMMYFUNCTION("""COMPUTED_VALUE"""),15.0) -> 15 | K118: =IFERROR(__xludf.DUMMYFUNCTION("""COMPUTED_VALUE"""),2023.0) -> 2023 | L118: =IFERROR(__xludf.DUMMYFUNCTION("""COMPUTED_VALUE"""),"No") -> No
...

Sheet Passing
A1: TECMO PASSING STATISTICS
A2: POS | B2: Last Name | C2: First Name | D2: ATT | E2: COMPS | F2: COMP % | G2: YDS | H2: AVG YDS | I2: TD | J2: INT | K2: RATING | L2: Team | M2: User | N2: Season | O2: Year | P2: Solo
A3: QB | B3: Marino | C3: Dan | I3: 63 | J3: 4 | K3: 227.4 | L3: MIA | M3: PJ | N3: 1 | O3: =vlookup(N3,Superbowls!$A$2:$B$115,2,FALSE) -> 2009 | P3: No
A4: QB | B4: Schroeder | C4: Jay | I4: 15 | J4: 16 | K4: 70.4 | L4: RAI | M4: MA | N4: 1 | O4: =vlookup(N4,Superbowls!$A$2:$B$115,2,FALSE) -> 2009 | P4: No
A5: QB | B5: Peete | C5: Rodney | I5: 28 | J5: 8 | K5: 164.9 | L5: DET | M5: PJ | N5: 2 | O5: =vlookup(N5,Superbowls!$A$2:$B$115,2,FALSE) -> 2009 | P5: No
A6: QB | B6: Moon | C6: Warren | I6: 40 | J6: 5 | K6: 130.5 | L6: HOU | M6: WB | N6: 2 | O6: =vlookup(N6,Superbowls!$A$2:$B$115,2,FALSE) -> 2009 | P6: No
A7: QB | B7: Everett | C7: Jim | I7: 59 | J7: 1 | K7: 219.2 | L7: RAM | M7: PJ | N7: 3 | O7: =vlookup(N7,Superbowls!$A$2:$B$115,2,FALSE) -> 2009 | P7: No
A8: QB | B8: Moon | C8: Warren | D8: 272 | E8: 153 | F8: 56.2 | G8: 5170 | H8: 19 | I8: 65 | J8: 5 | K8: 197.6 | L8: HOU | M8: WB | N8: 4 | O8: =vlookup(N8,Superbowls!$A$2:$B$115,2,FALSE) -> 2009 | P8: No
A9: QB | B9: Eagles | C9: QB | D9: 242 | E9: 129 | F9: 53.3 | G9: 2985 | H9: 12.3 | I9: 33 | J9: 14 | K9: 119.2 | L9: PHI | M9: CR | N9: 4 | O9: =vlookup(N9,Superbowls!$A$2:$B$115,2,FALSE) -> 2009 | P9: No
A10: QB | B10: Testaverde | C10: Vinny | D10: 239 | E10: 171 | F10: 71.5 | G10: 4873 | H10: 20.3 | I10: 60 | J10: 11 | K10: 211.1 | L10: TB | M10: PJ | N10: 4 | O10: =vlookup(N10,Superbowls!$A$2:$B$115,2,FALSE) -> 2009 | P10: No
A11: QB | B11: Bills | C11: QB | D11: 211 | E11: 148 | F11: 70.1 | G11: 5136 | H11: 24.3 | I11: 56 | J11: 6 | K11: 238.5 | L11: BUF | M11: CR | N11: 5 | O11: =vlookup(N11,Superbowls!$A$2:$B$115,2,FALSE) -> 2010 | P11: No
A12: QB | B12: Simms | C12: Phil | D12: 195 | E12: 143 | F12: 73.3 | G12: 4696 | H12: 24 | I12: 66 | J12: 6 | K12: 258.4 | L12: GIA | M12: PJ | N12: 5 | O12: =vlookup(N12,Superbowls!$A$2:$B$115,2,FALSE) -> 2010 | P12: No
A13: QB | B13: Moon | C13: Warren | D13: 316 | E13: 200 | F13: 63.2 | G13: 6365 | H13: 20.1 | I13: 80 | J13: 6 | K13: 197.2 | L13: HOU | M13: WB | N13: 6 | O13: =vlookup(N13,Superbowls!$A$2:$B$115,2,FALSE) -> 2011 | P13: No
A14: QB | B14: Wilson | C14: Marc | D14: 232 | E14: 160 | F14: 68.9 | G14: 4082 | H14: 17.5 | I14: 41 | J14: 8 | K14: 177.4 | L14: NE | M14: PJ | N14: 6 | O14: =vlookup(N14,Superbowls!$A$2:$B$115,2,FALSE) -> 2011 | P14: No
A15: QB | B15: Simms | C15: Phil | D15: 182 | E15: 133 | F15: 73 | G15: 4629 | H15: 25.4 | I15: 63 | J15: 6 | K15: 270.6 | L15: GIA | M15: PJ | N15: 7 | O15: =vlookup(N15,Superbowls!$A$2:$B$115,2,FALSE) -> 2017 | P15: No
A16: QB | B16: Marino | C16: Dan | D16: 144 | E16: 113 | F16: 78.4 | G16: 3710 | H16: 25.7 | I16: 45 | J16: 3 | K16: 270.3 | L16: MIA | M16: MA | N16: 7 | O16: =vlookup(N16,Superbowls!$A$2:$B$115,2,FALSE) -> 2017 | P16: No
A17: QB | B17: Krieg | C17: Dave | D17: 264 | E17: 166 | F17: 62.8 | G17: 4269 | H17: 16.1 | I17: 44 | J17: 15 | K17: 153.7 | L17: SEA | M17: WB | N17: 7 | O17: =vlookup(N17,Superbowls!$A$2:$B$115,2,FALSE) -> 2017 | P17: No
A18: QB | B18: Testaverde | C18: Vinny | D18: 133 | E18: 95 | F18: 71.4 | G18: 3097 | H18: 23.2 | I18: 34 | J18: 6 | K18: 225 | L18: TB | M18: CJ | N18: 8 | O18: =vlookup(N18,Superbowls!$A$2:$B$115,2,FALSE) -> 2017 | P18: No
A19: QB | B19: Rypien | C19: Mark | D19: 155 | E19: 101 | F19: 65.1 | G19: 3286 | H19: 21.2 | I19: 38 | J19: 8 | K19: 204.9 | L19: WAS | M19: WB | N19: 8 | O19: =vlookup(N19,Superbowls!$A$2:$B$115,2,FALSE) -> 2017 | P19: No
... A52: QB | B52: Brister | C52: Bubby | D52: 87 | E52: 57 | F52: 65.5 | G52: 1384 | H52: 15.9 | I52: 13 | J52: 3 | K52: 158.4 | L52: PIT | M52: PJ | N52: 15 | O52: =vlookup(N52,Superbowls!$A$2:$B$115,2,FALSE) -> 2023 | P52: No
A53: QB | B53: Bills | C53: QB | D53: 109 | E53: 88 | F53: 80.7 | G53: 2493 | H53: 22.8 | I53: 25 | J53: 1 | K53: 237.2 | L53: BUF | M53: PJ | N53: 16 | O53: 2024 | P53: No
A54: QB | B54: Grogan | C54: Steve | D54: 87 | E54: 52 | F54: 59.7 | G54: 1377 | H54: 15.8 | I54: 13 | J54: 9 | K54: 124.5 | L54: NE | M54: CR | N54: 16 | O54: 2024 | P54: No
A55: QB | B55: Wilson | C55: Marc | D55: 112 | E55: 66 | F55: 58.9 | G55: 1823 | H55: 16.2 | I55: 16 | J55: 10 | K55: 129.4 | L55: NE | M55: CR | N55: 16 | O55: 2024 | P55: No
A56: QB | B56: O.Brien | C56: Ken | D56: 195 | E56: 139 | F56: 71.2 | G56: 3236 | H56: 16.5 | I56: 36 | J56: 6 | K56: 179.3 | L56: JET | M56: MA | N56: 16 | O56: 2024 | P56: No
A57: QB | B57: Simms | C57: Phil | D57: 188 | E57: 109 | F57: 57.4 | G57: 3460 | H57: 18.4 | I57: 30 | J57: 13 | K57: 151.4 | L57: GIA | M57: BF | N57: 16 | O57: 2024 | P57: No
A58: QB | B58: Rosenbach | C58: Timm | D58: 80 | E58: 49 | F58: 61.2 | G58: 1282 | H58: 16 | I58: 17 | J58: 7 | K58: 154.2 | L58: PHX | M58: WB | N58: 16 | O58: 2024 | P58: No
A59: QB | B59: Bills | C59: QB | D59: 266 | E59: 181 | F59: 68 | G59: 4643 | H59: 17.4 | I59: 44 | J59: 4 | K59: 180.3 | L59: BUF | M59: MAE | N59: 17 | O59: 2025 | P59: No
A60: QB | B60: Marino | C60: Dan | D60: 249 | E60: 217 | F60: 87.1 | G60: 5129 | H60: 20.6 | I60: 65 | J60: 2 | K60: 241.5 | L60: MIA | M60: MA | N60: 17 | O60: 2025 | P60: No
A61: QB | B61: Bills | C61: QB | D61: 258 | E61: 191 | F61: 74 | G61: 4919 | H61: 19 | I61: 67 | J61: 2 | K61: 221.3 | L61: BUF | M61: MAE | N61: 18 | O61: 2025 | P61: No
A62: QB | B62: Everett | C62: Jim | D62: 200 | E62: 162 | F62: 81 | G62: 4206 | H62: 21 | I62: 49 | J62: 3 | K62: 232.6 | L62: RAM | M62: MA | N62: 18 | O62: 2025 | P62: No
A63: QB | B63: Bills | C63: QB | D63: 263 | E63: 196 | F63: 74.5 | G63: 4955 | H63: 18.8 | I63: 50 | J63: 5 | K63: 198.1 | L63: BUF | M63: MAE | N63: 19 | O63: 2025 | P63: No
A64: QB | B64: Peete | C64: Rodney | D64: 52 | E64: 34 | F64: 65.3 | G64: 892 | H64: 17.1 | I64: 5 | J64: 3 | K64: 136 | L64: DET | M64: MA | N64: 19 | O64: 2025 | P64: No
... A68: QB | B68: Eagles | C68: QB | D68: 210 | E68: 118 | F68: 56.1 | G68: 2997 | H68: 14.2 | I68: 25 | J68: 12 | K68: 124.2 | L68: PHI | M68: AD | N68: 21 | O68: 2026 | P68: No

Sheet Receiving
A1: TECMO RECEIVING STATISTICS
A2: POS | B2: Last Name | C2: First Name | D2: REC | E2: YDS | F2: AVG YDS | G2: TDs | H2: Team | I2: User | J2: Season | K2: Year | L2: Solo
A3: WR | B3: Duper | C3: Mark | D3: 45 | E3: 1665 | F3: =1665/45 -> 37 | G3: 26 | H3: MIA | I3: PJ | J3: 1 | K3: =vlookup(J3,Superbowls!$A$2:$B$115,2,FALSE) -> 2009 | L3: No
A4: RB | B4: Paige | C4: Tony | D4: 41 | E4: 709 | F4: =709/41 -> 17.292683 | G4: 12 | H4: MIA | I4: PJ | J4: 1 | K4: =vlookup(J4,Superbowls!$A$2:$B$115,2,FALSE) -> 2009 | L4: No
A5: TE | B5: Edmunds | C5: Ferrell | D5: 40 | E5: 878 | F5: =878/40 -> 21.95 | G5: 10 | H5: MIA | I5: PJ | J5: 1 | K5: =vlookup(J5,Superbowls!$A$2:$B$115,2,FALSE) -> 2009 | L5: No
A6: WR | B6: Givins | C6: Ernest | D6: 38 | E6: 941 | F6: =941/38 -> 24.763158 | G6: 10 | H6: HOU | I6: WB | J6: 2 | K6: =vlookup(J6,Superbowls!$A$2:$B$115,2,FALSE) -> 2009 | L6: No
A7: WR | B7: Jeffries | C7: Haywood | D7: 37 | E7: 1186 | F7: =1186/37 -> 32.054054 | G7: 19 | H7: HOU | I7: WB | J7: 2 | K7: =vlookup(J7,Superbowls!$A$2:$B$115,2,FALSE) -> 2009 | L7: No
A8: TE | B8: Holohan | C8: Pete | D8: 57 | E8: 738 | F8: =738/57 -> 12.947368 | G8: 11 | H8: RAM | I8: PJ | J8: 3 | K8: =vlookup(J8,Superbowls!$A$2:$B$115,2,FALSE) -> 2009 | L8: No
A9: WR | B9: Ellard | C9: Henry | D9: 43 | E9: 1643 | F9: =1643/43 -> 38.209302 | G9: 30 | H9: RAM | I9: PJ | J9: 3 | K9: =vlookup(J9,Superbowls!$A$2:$B$115,2,FALSE) -> 2009 | L9: No
A10: TE | B10: Jackson | C10: Keith | D10: 68 | E10: 1150 | F10: 16.9 | G10: 13 | H10: PHI | I10: CR | J10: 4 | K10: =vlookup(J10,Superbowls!$A$2:$B$115,2,FALSE) -> 2009 | L10: No
A11: WR | B11: Carrier | C11: Mark | D11: 60 | E11: 1412 | F11: 23.5 | G11: 17 | H11: TB | I11: PJ | J11: 4 | K11: =vlookup(J11,Superbowls!$A$2:$B$115,2,FALSE) -> 2009 | L11: No
A12: WR | B12: Givins | C12: Ernest | D12: 50 | E12: 2355 | F12: 47 | G12: 37 | H12: HOU | I12: WB | J12: 4 | K12: =vlookup(J12,Superbowls!$A$2:$B$115,2,FALSE) -> 2009 | L12: No
A13: WR | B13: Jeffries | C13: Haywood | D13: 47 | E13: 1131 | F13: 24.9 | G13: 11 | H13: HOU | I13: WB | J13: 4 | K13: =vlookup(J13,Superbowls!$A$2:$B$115,2,FALSE) -> 2009 | L13: No
A14: RB | B14: Cobb | C14: Reggie | D14: 43 | E14: 1560 | F14: 36.2 | G14: 18 | H14: TB | I14: PJ | J14: 4 | K14: =vlookup(J14,Superbowls!$A$2:$B$115,2,FALSE) -> 2009 | L14: No
A15: TE | B15: Hall | C15: Ron | D15: 26 | E15: 712 | F15: 19.7 | G15: 9 | H15: TB | I15: PJ | J15: 4 | K15: =vlookup(J15,Superbowls!$A$2:$B$115,2,FALSE) -> 2009 | L15: No
A16: WR | B16: Reed | C16: Andre | D16: 62 | E16: 3257 | F16: 52.5 | G16: 41 | H16: BUF | I16: CR | J16: 5 | K16: =vlookup(J16,Superbowls!$A$2:$B$115,2,FALSE) -> 2010 | L16: No
A17: WR | B17: Ingram | C17: Mark | D17: 38 | E17: 938 | F17: 24.6 | G17: 17 | H17: GIA | I17: PJ | J17: 5 | K17: =vlookup(J17,Superbowls!$A$2:$B$115,2,FALSE) -> 2010 | L17: No
A18: WR | B18: Baker | C18: Stephen | D18: 35 | E18: 1668 | F18: 47.6 | G18: 25 | H18: GIA | I18: PJ | J18: 5 | K18: =vlookup(J18,Superbowls!$A$2:$B$115,2,FALSE) -> 2010 | L18: No
A19: RB | B19: Megget | C19: Dave | D19: 34 | E19: 1463 | F19: 43 | G19: 19 | H19: GIA | I19: PJ | J19: 5 | K19: =vlookup(J19,Superbowls!$A$2:$B$115,2,FALSE) -> 2010 | L19: No
A20: WR | B20: Hill | C20: Drew | D20: 86 | E20: 3881 | F20: 45.1 | G20: 56 | H20: HOU | I20: WB | J20: 6 | K20: =vlookup(J20,Superbowls!$A$2:$B$115,2,FALSE) -> 2011 | L20: No
A21: TE | B21: Cook | C21: Marv | D21: 49 | E21: 902 | F21: 18.4 | G21: 7 | H21: NE | I21: PJ | J21: 6 | K21: =vlookup(J21,Superbowls!$A$2:$B$115,2,FALSE) -> 2011 | L21: No
... A41: WR | B41: Rice | C41: Jerry | D41: 70 | E41: 3287 | F41: 46.9 | G41: 46 | H41: SF | I41: TD | J41: 10 | K41: =vlookup(J41,Superbowls!$A$2:$B$115,2,FALSE) -> 2018 | L41: No
A42: TE | B42: McKeller | D42: 50 | E42: 1158 | F42: 23.1 | G42: 8 | H42: BUF | I42: CR | J42: 10 | K42: =vlookup(J42,Superbowls!$A$2:$B$115,2,FALSE) -> 2018 | L42: No
A43: WR | B43: Reed | C43: Andre | D43: 47 | E43: 2128 | F43: 45.2 | G43: 32 | H43: BUF | I43: CR | J43: 10 | K43: =vlookup(J43,Superbowls!$A$2:$B$115,2,FALSE) -> 2018 | L43: No
A44: TE | B44: Jackson | C44: Keith | D44: 45 | E44: 1084 | F44: 24 | G44: 14 | H44: PHI | I44: PJ | J44: 10 | K44: =vlookup(J44,Superbowls!$A$2:$B$115,2,FALSE) -> 2018 | L44: No
A45: TE | B45: Bavaro | C45: Mark | D45: 44 | E45: 805 | F45: 18.2 | G45: 6 | H45: GIA | I45: CJ | J45: 10 | K45: =vlookup(J45,Superbowls!$A$2:$B$115,2,FALSE) -> 2018 | L45: No
A46: TE | B46: Jones | C46: Brent | D46: 42 | E46: 646 | F46: 15.3 | G46: 10 | H46: SF | I46: TD | J46: 10 | K46: =vlookup(J46,Superbowls!$A$2:$B$115,2,FALSE) -> 2018 | L46: No
A47: RB | B47: Megget | C47: Dave | D47: 42 | E47: 1864 | F47: 44.3 | G47: 28 | H47: GIA | I47: CJ | J47: 10 | K47: =vlookup(J47,Superbowls!$A$2:$B$115,2,FALSE) -> 2018 | L47: No
A48: WR | B48: Ingram | C48: Mark | D48: 40 | E48: 1111 | F48: 27.7 | G48: 8 | H48: GIA | I48: CJ | J48: 10 | K48: =vlookup(J48,Superbowls!$A$2:$B$115,2,FALSE) -> 2018 | L48: No
A49: TE | B49: Holman | C49: Rodney | D49: 52 | E49: 1189 | F49: 22.8 | G49: 19 | H49: CIN | I49: PJ | J49: 11 | K49: =vlookup(J49,Superbowls!$A$2:$B$115,2,FALSE) -> 2019 | L49: No
A50: TE | B50: Thomas | C50: Robb | D50: 49 | E50: 943 | F50: 19.2 | G50: 8 | H50: KC | I50: CJ | J50: 11 | K50: =vlookup(J50,Superbowls!$A$2:$B$115,2,FALSE) -> 2019 | L50: No
A51: WR | B51: Clayton | C51: Mark | D51: 47 | E51: 1709 | F51: 36.3 | G51: 20 | H51: MIA | I51: WB | J51: 11 | K51: =vlookup(J51,Superbowls!$A$2:$B$115,2,FALSE) -> 2019 | L51: No
A52: RB | B52: Word | C52: Barry | D52: 43 | E52: 1566 | F52: 36.4 | G52: 14 | H52: KC | I52: CJ | J52: 11 | K52: =vlookup(J52,Superbowls!$A$2:$B$115,2,FALSE) -> 2019 | L52: No
A53: RB | B53: Sammie | C53: Smith | D53: 38 | E53: 365 | F53: 9.6 | G53: 3 | H53: MIA | I53: WB | J53: 11 | K53: =vlookup(J53,Superbowls!$A$2:$B$115,2,FALSE) -> 2019 | L53: No
A54: TE | B54: Brenner | C54: Hoby | D54: 33 | E54: 577 | F54: 17.4 | G54: 3 | H54: NO | I54: MA | J54: 11 | K54: =vlookup(J54,Superbowls!$A$2:$B$115,2,FALSE) -> 2019 | L54: No
... A98: TE | B98: Green | C98: Eric | D98: 16 | E98: 312 | F98: 19.5 | G98: 1 | H98: PIT | I98: PJ | J98: 15 | K98: =vlookup(J98,Superbowls!$A$2:$B$115,2,FALSE) -> 2023 | L98: No
A99: RB | B99: Thurman | C99: Thomas | D99: 13 | E99: 125 | F99: 9.6 | G99: 2 | H99: BUF | I99: PJ | J99: 16 | K99: 2024 | L99: No
A100: WR | B100: Mueller | C100: Jamie | D100: 12 | E100: 416 | F100: 34.6 | G100: 3 | H100: BUF | I100: PJ | J100: 16 | K100: 2024 | L100: No
A101: WR | B101: Lofton | C101: James | D101: 14 | E101: 456 | F101: 32.5 | G101: 7 | H101: BUF | I101: PJ | J101: 16 | K101: 2024 | L101: No
A102: WR | B102: Reed | C102: Andre | D102: 32 | E102: 1174 | F102: 36.6 | G102: 12 | H102: BUF | I102: PJ | J102: 16 | K102: 2024 | L102: No
A103: TE | B103: McKeller | C103: Keith | D103: 18 | E103: 348 | F103: 19.3 | G103: 1 | H103: BUF | I103: PJ | J103: 16 | K103: 2024 | L103: No
A104: RB | B104: Stephens | C104: John | D104: 21 | E104: 429 | F104: 20.4 | G104: 9 | H104: NE | I104: CR | J104: 16 | K104: 2024 | L104: No
A105: WR | B105: Fryar | C105: Irving | D105: 38 | E105: 1417 | F105: 37.2 | G105: 12 | H105: NE | I105: CR | J105: 16 | K105: 2024 | L105: No
A106: WR | B106: Dykes | C106: Hart Lee | D106: 24 | E106: 483 | F106: 20.1 | G106: 2 | H106: NE | I106: CR | J106: 16 | K106: 2024 | L106: No
A107: TE | B107: Cook | C107: Marv | D107: 25 | E107: 731 | F107: 29.2 | G107: 6 | H107: NE | I107: CR | J107: 16 | K107: 2024 | L107: No
A108: RB | B108: Thomas | C108: Blair | D108: 18 | E108: 261 | F108: 14.5 | G108: 3 | H108: JET | I108: MA | J108: 16 | K108: 2024 | L108: No
A109: WR | B109: Toon | C109: Al | D109: 24 | E109: 705 | F109: 29.3 | G109: 5 | H109: JET | I109: MA | J109: 16 | K109: 2024 | L109: No
A110: WR | B110: Moore | C110: Robb | D110: 35 | E110: 1257 | F110: 35.9 | G110: 12 | H110: JET | I110: MA | J110: 16 | K110: 2024 | L110: No
... A163: TE | B163: Kay | C163: Clarence | D163: 13 | E163: 243 | F163: 18.6 | G163: 2 | H163: DEN | I163: PJ | J163: 21 | K163: 2026 | L163: No

Sheet Rushing
A1: TECMO RUSHING STATISTICS
A2: POS | B2: Last Name | C2: First Name | D2: ATT | E2: YDS | F2: AVG YDS | G2: TD | H2: Team | I2: User | J2: Season | K2: Year | L2: Solo
A3: RB | B3: Jackson | C3: Bo | D3: 130 | E3: 1417 | F3: =E3/D3 -> 10.9 | G3: 25 | H3: RAI | I3: MA | J3: 1 | K3: =vlookup(J3,Superbowls!$A$2:$B$115,2,FALSE) -> 2009 | L3: No
A4: RB | B4: Smith | C4: Emmitt | D4: 255 | E4: 2490 | F4: =E4/D4 -> 9.7647059 | G4: 40 | H4: DAL | I4: WB | J4: 1 | K4: =vlookup(J4,Superbowls!$A$2:$B$115,2,FALSE) -> 2009 | L4: No
A5: RB | B5: Allen | C5: Marcus | D5: 137 | E5: 1196 | F5: =E5/D5 -> 8.729927 | G5: 18 | H5: RAI | I5: MA | J5: 1 | K5: =vlookup(J5,Superbowls!$A$2:$B$115,2,FALSE) -> 2009 | L5: No
A6: RB | B6: Sanders | C6: Barry | D6: 164 | E6: 2132 | F6: =E6/D6 -> 13 | G6: 43 | H6: DET | I6: PJ | J6: 2 | K6: =vlookup(J6,Superbowls!$A$2:$B$115,2,FALSE) -> 2009 | L6: No
A7: RB | B7: Jackson | C7: Bo | D7: 247 | E7: 2936 | F7: =E7/D7 -> 11.88664 | G7: 56 | H7: RAI | I7: MA | J7: 3 | K7: =vlookup(J7,Superbowls!$A$2:$B$115,2,FALSE) -> 2009 | L7: No
A8: RB | B8: Okoye | C8: Christian | D8: 255 | E8: 2414 | F8: =E8/D8 -> 9.4666667 | G8: 43 | H8: KC | I8: WB | J8: 3 | K8: =vlookup(J8,Superbowls!$A$2:$B$115,2,FALSE) -> 2009 | L8: No
A9: QB | B9: Eagles | C9: QB | D9: 97 | E9: 1205 | F9: =E9/D9 -> 12.42268 | G9: 19 | H9: PHI | I9: CR | J9: 4 | K9: =vlookup(J9,Superbowls!$A$2:$B$115,2,FALSE) -> 2009 | L9: No
A10: RB | B10: Jackson | C10: Bo | D10: 200 | E10: 2252 | F10: =E10/D10 -> 11.26 | G10: 46 | H10: RAI | I10: MA | J10: 4 | K10: =vlookup(J10,Superbowls!$A$2:$B$115,2,FALSE) -> 2009 | L10: No
A11: RB | B11: Anderson | C11: Neal | D11: 255 | E11: 3294 | F11: 12.9 | G11: 68 | H11: CHI | I11: CJ | J11: 6 | K11: =vlookup(J11,Superbowls!$A$2:$B$115,2,FALSE) -> 2011 | L11: No
A12: RB | B12: Sanders | C12: Barry | D12: 188 | E12: 3554 | F12: 18.9 | G12: 58 | H12: DET | I12: CJ | J12: 7 | K12: =vlookup(J12,Superbowls!$A$2:$B$115,2,FALSE) -> 2017 | L12: No
A13: RB | B13: Byner | C13: Earnest | D13: 200 | E13: 895 | F13: 4.4 | G13: 16 | H13: WAS | I13: WB | J13: 8 | K13: =vlookup(J13,Superbowls!$A$2:$B$115,2,FALSE) -> 2017 | L13: No
A14: RB | B14: Anderson | C14: Gary | D14: 84 | E14: 685 | F14: 8.1 | G14: 17 | H14: TB | I14: CJ | J14: 8 | K14: =vlookup(J14,Superbowls!$A$2:$B$115,2,FALSE) -> 2017 | L14: No
A15: RB | B15: Butts | C15: Marion | D15: 173 | E15: 2138 | F15: 12.3 | G15: 40 | H15: SD | I15: PJ | J15: 9 | K15: =vlookup(J15,Superbowls!$A$2:$B$115,2,FALSE) -> 2017 | L15: No
A16: RB | B16: Bentley | C16: Albert | D16: 209 | E16: 1281 | F16: 6.1 | G16: 15 | H16: IND | I16: WB | J16: 9 | K16: =vlookup(J16,Superbowls!$A$2:$B$115,2,FALSE) -> 2017 | L16: No
A17: RB | B17: Thomas | C17: Blair | D17: 120 | E17: 750 | F17: 6.2 | G17: 25 | H17: JET | I17: CJ | J17: 9 | K17: =vlookup(J17,Superbowls!$A$2:$B$115,2,FALSE) -> 2017 | L17: No
A18: RB | B18: Jackson | C18: Bo | D18: 165 | E18: 2174 | F18: 13.1 | G18: 42 | H18: RAI | I18: MA | J18: 10 | K18: =vlookup(J18,Superbowls!$A$2:$B$115,2,FALSE) -> 2018 | L18: No
A19: RB | B19: Okoye | C19: Christian | D19: 103 | E19: 831 | F19: 8 | G19: 33 | H19: KC | I19: CJ | J19: 11 | K19: =vlookup(J19,Superbowls!$A$2:$B$115,2,FALSE) -> 2019 | L19: No
A20: RB | B20: Heyward | C20: Craig | D20: 57 | E20: 533 | F20: 9.3 | G20: 12 | H20: NO | I20: MA | J20: 11 | K20: =vlookup(J20,Superbowls!$A$2:$B$115,2,FALSE) -> 2019 | L20: No
A21: RB | B21: Brooks | C21: James | D21: 66 | E21: 453 | F21: 6.8 | G21: 17 | H21: CIN | I21: PJ | J21: 11 | K21: =vlookup(J21,Superbowls!$A$2:$B$115,2,FALSE) -> 2019 | L21: No
A22: RB | B22: Thomas | C22: Blair | D22: 80 | E22: 482 | F22: 6 | G22: 15 | H22: JET | I22: PJ | J22: 12 | K22: =vlookup(J22,Superbowls!$A$2:$B$115,2,FALSE) -> 2020 | L22: No
... A37: RB | B37: Hoge | C37: Merril | D37: 231 | E37: 1349 | F37: 5.8 | G37: 24 | H37: PIT | I37: MA | J37: 15 | K37: =vlookup(J37,Superbowls!$A$2:$B$115,2,FALSE) -> 2023 | L37: No
A38: QB | B38: Bills | C38: QB | D38: 40 | E38: 170 | F38: 4.2 | G38: 1 | H38: BUF | I38: PJ | J38: 16 | K38: 2024 | L38: No
A39: RB | B39: Thomas | C39: Thurman | D39: 184 | E39: 1984 | F39: 10.7 | G39: 51 | H39: BUF | I39: PJ | J39: 16 | K39: 2024 | L39: No
A40: RB | B40: Stephens | C40: John | D40: 97 | E40: 439 | F40: 4.5 | G40: 14 | H40: NE | I40: CR | J40: 16 | K40: 2024 | L40: No
A41: QB | B41: O.Brien | C41: Ken | D41: 44 | E41: 286 | F41: 6.5 | G41: 8 | H41: JET | I41: MA | J41: 16 | K41: 2024 | L41: No
A42: RB | B42: Thomas | C42: Blair | D42: 91 | E42: 438 | F42: 4.8 | G42: 8 | H42: JET | I42: MA | J42: 16 | K42: 2024 | L42: No
A43: RB | B43: McNeil | C43: Freeman | D43: 26 | E43: 217 | F43: 8.3 | G43: 2 | H43: JET | I43: MA | J43: 16 | K43: 2024 | L43: No
A44: RB | B44: Anderson | C44: Ottis | D44: 115 | E44: 980 | F44: 8.5 | G44: 23 | H44: GIA | I44: BF | J44: 16 | K44: 2024 | L44: No
A45: RB | B45: Meggett | C45: David | D45: 77 | E45: 485 | F45: 6.2 | G45: 12 | H45: GIA | I45: BF | J45: 16 | K45: 2024 | L45: No
A46: RB | B46: Johnson | C46: Johnny | D46: 225 | E46: 1409 | F46: 6.2 | G46: 22 | H46: PHX | I46: WB | J46: 16 | K46: 2024 | L46: No
A47: RB | B47: Sikahema | C47: Vai | D47: 46 | E47: 115 | F47: 2.5 | G47: 0 | H47: PHX | I47: WB | J47: 16 | K47: 2024 | L47: No
A48: QB | B48: Marino | C48: Dan | D48: 73 | E48: 302 | F48: 4.1 | G48: 8 | H48: MIA | I48: MA | J48: 17 | K48: 2025 | L48: No
A49: RB | B49: Smith | C49: Sammie | D49: 10 | E49: 49 | F49: 4.9 | G49: 2 | H49: MIA | I49: MA | J49: 17 | K49: 2025 | L49: No
... A72: RB | B72: Sherman | C72: Heath | D72: 50 | E72: 210 | F72: 4.2 | G72: 4 | H72: PHI | I72: AD | J72: 21 | K72: 2026 | L72: No

Sheet Scoring
A1: TECMO SCORING STATISTICS
A2: POS | B2: Last Name | C2: First Name | D2: POINTS | E2: Team | F2: User | G2: Season | H2: Year | I2: Solo
A3: RB | B3: Smith | C3: Emmitt | D3: 240 | E3: DAL | F3: WB | G3: 1 | H3: =vlookup(G3,Superbowls!$A$2:$B$115,2,FALSE) -> 2009 | I3: No
A4: WR | B4: Duper | C4: Mark | D4: 156 | E4: MIA | F4: PJ | G4: 1 | H4: =vlookup(G4,Superbowls!$A$2:$B$115,2,FALSE) -> 2009 | I4: No
A5: RB | B5: Jackson | C5: Bo | D5: 150 | E5: RAI | F5: MA | G5: 1 | H5: =vlookup(G5,Superbowls!$A$2:$B$115,2,FALSE) -> 2009 | I5: No
A6: RB | B6: Allen | C6: Marcus | D6: 126 | E6: RAI | F6: MA | G6: 1 | H6: =vlookup(G6,Superbowls!$A$2:$B$115,2,FALSE) -> 2009 | I6: No
A7: RB | B7: Paige | C7: Tony | D7: 126 | E7: MIA | F7: PJ | G7: 1 | H7: =vlookup(G7,Superbowls!$A$2:$B$115,2,FALSE) -> 2009 | I7: No
A8: K | B8: Stoyanovich | C8: Pete | D8: 103 | E8: MIA | F8: PJ | G8: 1 | H8: =vlookup(G8,Superbowls!$A$2:$B$115,2,FALSE) -> 2009 | I8: No
A9: WR | B9: Clayton | C9: Mark | D9: 90 | E9: MIA | F9: PJ | G9: 1 | H9: =vlookup(G9,Superbowls!$A$2:$B$115,2,FALSE) -> 2009 | I9: No
A10: RB | B10: Sanders | C10: Barry | D10: 258 | E10: DET | F10: PJ | G10: 2 | H10: =vlookup(G10,Superbowls!$A$2:$B$115,2,FALSE) -> 2009 | I10: No
A11: WR | B11: Jefferies | C11: Haywood | D11: 114 | E11: HOU | F11: PJ | G11: 2 | H11: =vlookup(G11,Superbowls!$A$2:$B$115,2,FALSE) -> 2009 | I11: No
A12: RB | B12: Jackson | C12: Bo | D12: 336 | E12: OAK | F12: MA | G12: 3 | H12: =vlookup(G12,Superbowls!$A$2:$B$115,2,FALSE) -> 2009 | I12: No
A13: RB | B13: Okoye | C13: Christian | D13: 258 | E13: KC | F13: WB | G13: 3 | H13: =vlookup(G13,Superbowls!$A$2:$B$115,2,FALSE) -> 2009 | I13: No
A14: WR | B14: Ellard | C14: Henry | D14: 180 | E14: RAM | F14: PJ | G14: 3 | H14: =vlookup(G14,Superbowls!$A$2:$B$115,2,FALSE) -> 2009 | I14: No
... A48: QB | B48: Eagles | C48: QB | D48: 138 | E48: PHI | F48: PJ | G48: 10 | H48: =vlookup(G48,Superbowls!$A$2:$B$115,2,FALSE) -> 2018 | I48: No
A49: WR | B49: Barnett | D49: 114 | E49: PHI | F49: PJ | G49: 10 | H49: =vlookup(G49,Superbowls!$A$2:$B$115,2,FALSE) -> 2018 | I49: No
A50: RB | B50: Okoye | C50: Christian | D50: 198 | E50: KC | F50: CJ | G50: 11 | H50: =vlookup(G50,Superbowls!$A$2:$B$115,2,FALSE) -> 2019 | I50: No
A51: WR | B51: Clayton | C51: Mark | D51: 120 | E51: MIA | F51: WB | G51: 11 | H51: =vlookup(G51,Superbowls!$A$2:$B$115,2,FALSE) -> 2019 | I51: No
A52: WR | B52: Paige | C52: Stephone | D52: 114 | E52: KC | F52: CJ | G52: 11 | H52: =vlookup(G52,Superbowls!$A$2:$B$115,2,FALSE) -> 2019 | I52: No
A53: TE | B53: Holman | C53: Rodney | D53: 114 | E53: CIN | F53: PJ | G53: 11 | H53: =vlookup(G53,Superbowls!$A$2:$B$115,2,FALSE) -> 2019 | I53: No
A54: RB | B54: Smith | C54: Sammie | D54: 108 | E54: MIA | F54: WB | G54: 11 | H54: =vlookup(G54,Superbowls!$A$2:$B$115,2,FALSE) -> 2019 | I54: No
A55: RB | B55: Brooks | C55: James | D55: 102 | E55: CIN | F55: PJ | G55: 11 | H55: =vlookup(G55,Superbowls!$A$2:$B$115,2,FALSE) -> 2019 | I55: No
A56: RB | B56: Humphrey | C56: Bobby | D56: 156 | E56: DEN | F56: CR | G56: 12 | H56: =vlookup(G56,Superbowls!$A$2:$B$115,2,FALSE) -> 2020 | I56: No
A57: RB | B57: Highsmith | C57: Alonzo | D57: 102 | E57: DAL | F57: CJ | G57: 12 | H57: =vlookup(G57,Superbowls!$A$2:$B$115,2,FALSE) -> 2020 | I57: No
A58: RB | B58: Hoge | C58: Merril | D58: 102 | E58: PIT | F58: WB | G58: 12 | H58: =vlookup(G58,Superbowls!$A$2:$B$115,2,FALSE) -> 2020 | I58: No
A59: K | B59: Leahy | D59: 100 | E59: JET | F59: PJ | G59: 12 | H59: =vlookup(G59,Superbowls!$A$2:$B$115,2,FALSE) -> 2020 | I59: No
A60: RB | B60: Jackson | C60: Bo | D60: =70*6 -> 420 | E60: RAI | F60: PJ | G60: 13 | H60: =vlookup(G60,Superbowls!$A$2:$B$115,2,FALSE) -> 2021 | I60: No
A61: WR | B61: Duper | C61: Mark | D61: 336 | E61: MIA | F61: CJ | G61: 13 | H61: =vlookup(G61,Superbowls!$A$2:$B$115,2,FALSE) -> 2021 | I61: No
A62: QB | B62: Eagles | C62: QB | D62: 270 | E62: PHI | F62: WB | G62: 13 | H62: =vlookup(G62,Superbowls!$A$2:$B$115,2,FALSE) -> 2021 | I62: No
A63: TE | B63: Jensen | C63: Jim | D63: 150 | E63: MIA | F63: CJ | G63: 13 | H63: =vlookup(G63,Superbowls!$A$2:$B$115,2,FALSE) -> 2021 | I63: No
A64: K | B64: Stoyanovich | C64: Pete | D64: 114 | E64: MIA | F64: CJ | G64: 13 | H64: =vlookup(G64,Superbowls!$A$2:$B$115,2,FALSE) -> 2021 | I64: No
A65: K | B65: Jaeger | C65: Jeff | D65: 113 | E65: RAI | F65: PJ | G65: 13 | H65: =vlookup(G65,Superbowls!$A$2:$B$115,2,FALSE) -> 2021 | I65: No
A66: RB | B66: Okoye | C66: Christian | D66: 210 | E66: KC | F66: CJ | G66: 14 | H66: =vlookup(G66,Superbowls!$A$2:$B$115,2,FALSE) -> 2022 | I66: No
A67: RB | B67: Hilliard | C67: Dalton | D67: 198 | E67: NO | F67: NO | G67: 14 | H67: =vlookup(G67,Superbowls!$A$2:$B$115,2,FALSE) -> 2022 | I67: No
A68: RB | B68: Humphrey | C68: Bobby | D68: 108 | E68: DEN | F68: CR | G68: 14 | H68: =vlookup(G68,Superbowls!$A$2:$B$115,2,FALSE) -> 2022 | I68: No
A69: WR | B69: Paige | C69: Stephone | D69: 96 | E69: KC | F69: CJ | G69: 14 | H69: =vlookup(G69,Superbowls!$A$2:$B$115,2,FALSE) -> 2022 | I69: No
A70: K | B70: Lowery | C70: Nick | D70: 95 | E70: KC | F70: CJ | G70: 14 | H70: =vlookup(G70,Superbowls!$A$2:$B$115,2,FALSE) -> 2022 | I70: No
A71: WR | B71: Johnson | C71: Vance | D71: 90 | E71: DEN | F71: CR | G71: 14 | H71: =vlookup(G71,Superbowls!$A$2:$B$115,2,FALSE) -> 2022 | I71: No
A72: RB | B72: Anderson | C72: Neal | D72: 222 | E72: CHI | F72: CJ | G72: 15 | H72: =vlookup(G72,Superbowls!$A$2:$B$115,2,FALSE) -> 2023 | I72: No
... A75: K | B75: Anderson | C75: Gary | D75: 102 | E75: PIT | F75: PJ | G75: 15 | H75: =vlookup(G75,Superbowls!$A$2:$B$115,2,FALSE) -> 2023 | I75: No
A76: RB | B76: Thurman | C76: Thomas | D76: 318 | E76: BUF | F76: PJ | G76: 16 | H76: 2024 | I76: No
A77: RB | B77: Meggett | C77: Dave | D77: 144 | E77: GIA | F77: BF | G77: 16 | H77: 2024 | I77: No
A78: RB | B78: Anderson | C78: Ottis | D78: 138 | E78: GIA | F78: BF | G78: 16 | H78: 2024 | I78: No
A79: RB | B79: Stephens | C79: John | D79: 138 | E79: NE | F79: CR | G79: 16 | H79: 2024 | I79: No
A80: RB | B80: Johnson | C80: Johnnie | D80: 132 | E80: PHX | F80: WB | G80: 16 | H80: 2024 | I80: No
A81: K | B81: Norwood | C81: Scott | D81: 107 | E81: BUF | F81: PJ | G81: 16 | H81: 2024 | I81: No
A82: WR | B82: Green | C82: Roy | D82: 84 | E82: PHX | F82: WB | G82: 16 | H82: 2024 | I82: No
A83: WR | B83: Ingram | C83: Mark | D83: 84 | E83: GIA | F83: BF | G83: 16 | H83: 2024 | I83: No
A84: K | B84: Bahr | C84: Matt | D84: 82 | E84: GIA | F84: BF | G84: 16 | H84: 2024 | I84: No
A85: TE | B85: Edmunds | C85: Ferrell | D85: 114 | E85: MIA | F85: MA | G85: 17 | H85: 2025 | I85: No
A86: WR | B86: Reed | C86: Andre | D86: 114 | E86: BUF | F86: MAE | G86: 17 | H86: 2025 | I86: No
A87: WR | B87: Duper | C87: Mark | D87: 102 | E87: MIA | F87: MA | G87: 17 | H87: 2025 | I87: No
... A103: K | B103: Treadwell | C103: David | D103: 102 | E103: DEN | F103: PJ | G103: 21 | H103: 2026 | I103: No

Sheet Punt Return
A1: TECMO PUNT RETURN STATISTICS
A2: POS | B2: Last Name | C2: First Name | D2: PUNT RET | E2: YDS | F2: AVG | G2: TD | H2: Team | I2: User | J2: Season | K2: Year | L2: Solo
A3: RB | B3: Megget | C3: Dave | D3: 30 | E3: 469 | F3: 15.6 | G3: 1 | H3: GIA | I3: PJ | J3: 5 | K3: =vlookup(J3,Superbowls!$A$2:$B$115,2,FALSE) -> 2010 | L3: No
A4: RB | B4: Bailey | C4: Johnny | D4: 16 | E4: 185 | F4: 11.5 | G4: 0 | H4: CHI | I4: CJ | J4: 6 | K4: =vlookup(J4,Superbowls!$A$2:$B$115,2,FALSE) -> 2011 | L4: No
A5: RB | B5: Megget | C5: Dave | D5: 30 | E5: 424 | F5: 14.1 | G5: 0 | H5: GIA | I5: PJ | J5: 7 | K5: =vlookup(J5,Superbowls!$A$2:$B$115,2,FALSE) -> 2017 | L5: No
A6: WR | B6: Drewrey | C6: Willie | D6: 9 | E6: 64 | F6: 7.1 | G6: 0 | H6: TB | I6: CJ | J6: 8 | K6: =vlookup(J6,Superbowls!$A$2:$B$115,2,FALSE) -> 2017 | L6: No
A7: WR | B7: Rison | C7: Andre | D7: 23 | E7: 144 | F7: 6.2 | G7: 0 | H7: ATL | I7: PJ | J7: 8 | K7: =vlookup(J7,Superbowls!$A$2:$B$115,2,FALSE) -> 2017 | L7: No
A8: WR | B8: Langhorne | C8: Reggie | D8: 16 | E8: 95 | F8: 5.9 | G8: 0 | H8: CLE | I8: MA | J8: 8 | K8: =vlookup(J8,Superbowls!$A$2:$B$115,2,FALSE) -> 2017 | L8: No
A9: RB | B9: Fenerty | C9: Gil | D9: 10 | E9: 46 | F9: 4.6 | G9: 0 | H9: NO | I9: CR | J9: 8 | K9: =vlookup(J9,Superbowls!$A$2:$B$115,2,FALSE) -> 2017 | L9: No
A10: WR | B10: Howard | C10: Joe | D10: 12 | E10: 55 | F10: 4.5 | G10: 0 | H10: WAS | I10: WB | J10: 8 | K10: =vlookup(J10,Superbowls!$A$2:$B$115,2,FALSE) -> 2017 | L10: No
A11: WR | B11: Lewis | C11: Nate | D11: 12 | E11: 79 | F11: 6.5 | G11: 0 | H11: SD | I11: PJ | J11: 9 | K11: =vlookup(J11,Superbowls!$A$2:$B$115,2,FALSE) -> 2017 | L11: No
A12: WR | B12: Sikahemi | C12: Via | D12: 16 | E12: 99 | F12: 6.1 | G12: 0 | H12: PHX | I12: CR | J12: 9 | K12: =vlookup(J12,Superbowls!$A$2:$B$115,2,FALSE) -> 2017 | L12: No
A13: WR | B13: Taylor | C13: John | D13: 27 | E13: 313 | F13: 11.5 | G13: 0 | H13: SF | I13: TD | J13: 10 | K13: =vlookup(J13,Superbowls!$A$2:$B$115,2,FALSE) -> 2018 | L13: No
A14: WR | B14: Smith | C14: Kendal | D14: 2 | E14: 255 | F14: 12.7 | G14: 0 | H14: CIN | I14: PJ | J14: 11 | K14: =vlookup(J14,Superbowls!$A$2:$B$115,2,FALSE) -> 2019 | L14: No
... A25: WR | B25: Hill | C25: Derek | D25: 28 | E25: 435 | F25: 15.5 | G25: 0 | H25: PIT | I25: PJ | J25: 15 | K25: =vlookup(J25,Superbowls!$A$2:$B$115,2,FALSE) -> 2023 | L25: No
A26: RB | B26: Sikahema | C26: Vai | D26: 19 | E26: 225 | F26: 11.8 | G26: 0 | H26: PHX | I26: WB | J26: 16 | K26: 2024 | L26: No
A27: RB | B27: Megget | C27: Dave | D27: 20 | E27: 155 | F27: 7.7 | G27: 0 | H27: GIA | I27: BF | J27: 16 | K27: 2024 | L27: No
A28: WR | B28: Mathis | C28: Terance | D28: 21 | E28: 159 | F28: 7.5 | G28: 0 | H28: JET | I28: MA | J28: 16 | K28: 2024 | L28: No
A29: WR | B29: Fryar | C29: Irving | D29: 17 | E29: 141 | F29: 8.2 | G29: 0 | H29: NE | I29: CR | J29: 16 | K29: 2024 | L29: No
A30: WR | B30: Edwards | C30: Al | D30: 20 | E30: 290 | F30: 14.5 | G30: 0 | H30: BUF | I30: PJ | J30: 16 | K30: 2024 | L30: No
A31: WR | B31: Martin | C31: Tony | D31: 23 | E31: 86 | F31: 3.7 | G31: 0 | H31: MIA | I31: MA | J31: 17 | K31: 2025 | L31: No
A32: WR | B32: Edwards | C32: Al | D32: 15 | E32: 25 | F32: 1.6 | G32: 0 | H32: BUF | I32: MAE | J32: 17 | K32: 2025 | L32: No
A33: WR | B33: Edwards | C33: Al | D33: 14 | E33: 81 | F33: 5.7 | G33: 0 | H33: BUF | I33: MAE | J33: 18 | K33: 2025 | L33: No
A34: WR | B34: Ellard | C34: Henry | D34: 18 | E34: 74 | F34: 4.1 | G34: 0 | H34: RAM | I34: MA | J34: 18 | K34: 2025 | L34: No
A35: WR | B35: Edwards | C35: Al | D35: 10 | E35: 59 | F35: 5.9 | G35: 0 | H35: BUF | I35: MAE | J35: 19 | K35: 2025 | L35: No
A36: RB | B36: Gray | C36: Mel | D36: 15 | E36: 14 | F36: 0.9 | G36: 0 | H36: DET | I36: MA | J36: 19 | K36: 2025 | L36: No
A37: RB | B37: Fenerty | C37: Gil | D37: 8 | E37: 44 | F37: 5.5 | G37: 0 | H37: NO | I37: AD | J37: 20 | K37: 2025 | L37: No
... A43: WR | B43: Williams | C43: Calvin | D43: 13 | E43: 95 | F43: 7.3 | G43: 0 | H43: PHI | I43: AD | J43: 21 | K43: 2026 | L43: No

Sheet Kick Return
A1: TECMO KICK RETURN STATISTICS
A2: POS | B2: Last Name | C2: First Name | D2: KICK RET | E2: YDS | F2: AVG | G2: TD | H2: Team | I2: User | J2: Season | K2: Year | L2: Solo
A3: RB | B3: Megget | C3: Dave | D3: 42 | E3: 1226 | F3: 29.1 | G3: 3 | H3: GIA | I3: PJ | J3: 5 | K3: =vlookup(J3,Superbowls!$A$2:$B$115,2,FALSE) -> 2010 | L3: No
A4: RB | B4: Bailey | C4: Johnny | D4: 35 | E4: 629 | F4: 17.9 | G4: 2 | H4: CHI | I4: CJ | J4: 6 | K4: =vlookup(J4,Superbowls!$A$2:$B$115,2,FALSE) -> 2011 | L4: No
A5: RB | B5: Megget | C5: Dave | D5: 42 | E5: 911 | F5: 21.6 | G5: 6 | H5: GIA | I5: PJ | J5: 7 | K5: =vlookup(J5,Superbowls!$A$2:$B$115,2,FALSE) -> 2017 | L5: No
A6: RB | B6: Fenerty | C6: Gil | D6: 56 | E6: 1089 | F6: 19.4 | G6: 2 | H6: NO | I6: CR | J6: 8 | K6: =vlookup(J6,Superbowls!$A$2:$B$115,2,FALSE) -> 2017 | L6: No
A7: RB | B7: Broussard | C7: Steve | D7: 10 | E7: 194 | F7: 19.4 | G7: 1 | H7: ATL | I7: PJ | J7: 8 | K7: =vlookup(J7,Superbowls!$A$2:$B$115,2,FALSE) -> 2017 | L7: No
A8: RB | B8: Jones | C8: Keith | D8: 49 | E8: 882 | F8: 18 | G8: 3 | H8: ATL | I8: PJ | J8: 8 | K8: =vlookup(J8,Superbowls!$A$2:$B$115,2,FALSE) -> 2017 | L8: No
A9: WR | B9: Verdin | C9: Clarence | D9: 45 | E9: 560 | F9: 12.4 | G9: 0 | H9: IND | I9: WB | J9: 9 | K9: =vlookup(J9,Superbowls!$A$2:$B$115,2,FALSE) -> 2017 | L9: No
A10: WR | B10: Quick | C10: Mike | D10: 18 | E10: 339 | F10: 18.8 | G10: 1 | H10: PHI | I10: PJ | J10: 10 | K10: =vlookup(J10,Superbowls!$A$2:$B$115,2,FALSE) -> 2018 | L10: No
A11: WR | B11: Jennings | C11: S | D11: 32 | E11: 772 | F11: 24.1 | G11: 2 | H11: CIN | I11: PJ | J11: 11 | K11: =vlookup(J11,Superbowls!$A$2:$B$115,2,FALSE) -> 2019 | L11: No
A12: RB | B12: Logan | C12: Marc | D12: 50 | E12: 743 | F12: 14.1 | G12: 1 | H12: MIA | I12: WB | J12: 11 | K12: =vlookup(J12,Superbowls!$A$2:$B$115,2,FALSE) -> 2019 | L12: No
A13: WR | B13: Stone | C13: Dwight | D13: 42 | E13: 791 | F13: 18.8 | G13: 2 | H13: PIT | I13: WB | J13: 12 | K13: =vlookup(J13,Superbowls!$A$2:$B$115,2,FALSE) -> 2020 | L13: No
A14: WR | B14: Jackson | C14: Kenny | D14: 47 | E14: 538 | F14: 11.4 | G14: 0 | H14: PHI | I14: WB | J14: 13 | K14: =vlookup(J14,Superbowls!$A$2:$B$115,2,FALSE) -> 2021 | L14: No
... A23: WR | B23: Stone | C23: Dwight | D23: 39 | E23: 899 | F23: 23 | G23: 2 | H23: PIT | I23: PJ | J23: 15 | K23: =vlookup(J23,Superbowls!$A$2:$B$115,2,FALSE) -> 2023 | L23: No
A24: RB | B24: Sikahema | C24: Vai | D24: 42 | E24: 587 | F24: 13.9 | G24: 0 | H24: PHX | I24: WB | J24: 16 | K24: 2024 | L24: No
A25: RB | B25: Megget | C25: Dave | D25: 49 | E25: 834 | F25: 17 | G25: 1 | H25: GIA | I25: BF | J25: 16 | K25: 2024 | L25: No
A26: WR | B26: Mathis | C26: Terance | D26: 48 | E26: 539 | F26: 11.2 | G26: 0 | H26: JET | I26: MA | J26: 16 | K26: 2024 | L26: No
A27: WR | B27: Martin | C27: Sammy | D27: 53 | E27: 708 | F27: 13.3 | G27: 0 | H27: NE | I27: CR | J27: 16 | K27: 2024 | L27: No
A28: RB | B28: Smith | C28: Don | D28: 31 | E28: 382 | F28: 12.3 | G28: 0 | H28: BUF | I28: PJ | J28: 16 | K28: 2024 | L28: No
A29: RB | B29: Smith | C29: Don | D29: 48 | E29: 349 | F29: 7.2 | G29: 0 | H29: BUF | I29: MAE | J29: 17 | K29: 2025 | L29: No
A30: WR | B30: Beebe | C30: Don | D30: 14 | E30: 104 | F30: 7.4 | G30: 0 | H30: BUF | I30: MAE | J30: 17 | K30: 2025 | L30: No
A31: RB | B31: Logan | C31: Marc | D31: 38 | E31: 320 | F31: 8.4 | G31: 0 | H31: MIA | I31: MA | J31: 17 | K31: 2025 | L31: No
A32: RB | B32: Martin | C32: Tony | D32: 4 | E32: 79 | F32: 19.7 | G32: 0 | H32: MIA | I32: MA | J32: 17 | K32: 2025 | L32: No
A33: RB | B33: McGee | C33: Buford | D33: 7 | E33: 29 | F33: 4.1 | G33: 0 | H33: RAM | I33: MA | J33: 18 | K33: 2025 | L33: No
A34: RB | B34: Green | C34: Gaston | D34: 39 | E34: 364 | F34: 9.3 | G34: 1 | H34: RAM | I34: MA | J34: 18 | K34: 2025 | L34: No
A35: RB | B35: Mueller | C35: Jamie | D35: 13 | E35: 82 | F35: 6.3 | G35: 0 | H35: BUF | I35: MAE | J35: 18 | K35: 2025 | L35: No
... A44: WR | B44: Jackson | C44: Kenny | D44: 64 | E44: 803 | F44: 12.5 | G44: 0 | H44: PHI | I44: AD | J44: 21 | K44: 2026 | L44: No

Sheet Punt
A1: TECMO PUNT KICK STATISTICS
A2: POS | B2: Last Name | C2: First Name | D2: No | E2: YDS | F2: AVG | G2: Team | H2: User | I2: Season | J2: Year | K2: Solo
A3: P | B3: Landetta | C3: Shawn | D3: 3 | E3: 233 | F3: 77.6 | G3: GIA | H3: PJ | I3: 7 | J3: =vlookup(I3,Superbowls!$A$2:$B$115,2,FALSE) -> 2017 | K3: No
A4: P | B4: Donnelly | C4: Richard | D4: 10 | E4: 669 | F4: 66.9 | G4: SEA | H4: WB | I4: 7 | J4: =vlookup(I4,Superbowls!$A$2:$B$115,2,FALSE) -> 2017 | K4: No
A5: P | B5: Fulhage | C5: Scott | D5: 9 | E5: 639 | F5: 71 | G5: ATL | H5: PJ | I5: 8 | J5: =vlookup(I5,Superbowls!$A$2:$B$115,2,FALSE) -> 2017 | K5: No
A6: P | B6: Wagner | C6: Bryan | D6: 7 | E6: 462 | F6: 66 | G6: CLE | H6: MA | I6: 8 | J6: =vlookup(I6,Superbowls!$A$2:$B$115,2,FALSE) -> 2017 | K6: No
A7: P | B7: Barnhardt | C7: Tommy | D7: 9 | E7: 549 | F7: 61 | G7: NO | H7: CR | I7: 8 | J7: =vlookup(I7,Superbowls!$A$2:$B$115,2,FALSE) -> 2017 | K7: No
A8: P | B8: Royals | C8: Mark | D8: 5 | E8: 293 | F8: 58.6 | G8: TB | H8: CJ | I8: 8 | J8: =vlookup(I8,Superbowls!$A$2:$B$115,2,FALSE) -> 2017 | K8: No
A9: P | B9: Goodburn | C9: Kelly | D9: 16 | E9: 880 | F9: 55 | G9: WAS | H9: WB | I9: 8 | J9: =vlookup(I9,Superbowls!$A$2:$B$115,2,FALSE) -> 2017 | K9: No
A10: P | B10: Kidd | C10: John | D10: 10 | E10: 671 | F10: 67 | G10: SD | H10: PJ | I10: 9 | J10: =vlookup(I10,Superbowls!$A$2:$B$115,2,FALSE) -> 2017 | K10: No
A11: P | B11: Camrillo | C11: Rich | D11: 10 | E11: 651 | F11: 65 | G11: PHX | H11: CR | I11: 9 | J11: =vlookup(I11,Superbowls!$A$2:$B$115,2,FALSE) -> 2017 | K11: No
A12: P | B12: Stark | C12: Rohn | D12: 6 | E12: 384 | F12: 64 | G12: IND | H12: WB | I12: 9 | J12: =vlookup(I12,Superbowls!$A$2:$B$115,2,FALSE) -> 2017 | K12: No
A13: P | B13: Protop | C13: Joe | D13: 4 | E13: 253 | F13: 63.2 | G13: JET | H13: CJ | I13: 9 | J13: =vlookup(I13,Superbowls!$A$2:$B$115,2,FALSE) -> 2017 | K13: No
A14: P | B14: Landeta | C14: Sean | D14: 4 | E14: 308 | F14: 77 | G14: GIA | H14: CJ | I14: 10 | J14: =vlookup(I14,Superbowls!$A$2:$B$115,2,FALSE) -> 2018 | K14: No
... A35: P | B35: Stryzinski | C35: Dan | D35: 12 | E35: 732 | F35: 61 | G35: PIT | H35: PJ | I35: 15 | J35: =vlookup(I35,Superbowls!$A$2:$B$115,2,FALSE) -> 2023 | K35: No
A36: P | B36: Tuten | C36: Rick | D36: 5 | E36: 255 | F36: 51 | G36: BUF | H36: PJ | I36: 16 | J36: 2024 | K36: No
A37: P | B37: Hansen | C37: Brian | D37: 15 | E37: 923 | F37: 61.5 | G37: NE | H37: CR | I37: 16 | J37: 2024 | K37: No
A38: P | B38: Prokop | C38: Joe | D38: 8 | E38: 584 | F38: 73 | G38: JET | H38: MA | I38: 16 | J38: 2024 | K38: No
A39: P | B39: Landeta | C39: Sean | D39: 5 | E39: 317 | F39: 63.4 | G39: GIA | H39: BF | I39: 16 | J39: 2024 | K39: No
A40: P | B40: Camarillo | C40: Rich | D40: 12 | E40: 710 | F40: 59.1 | G40: PHX | H40: WB | I40: 16 | J40: 2024 | K40: No
A41: P | B41: Roby | C41: Reggie | D41: 3 | E41: 228 | F41: 76 | G41: MIA | H41: MA | I41: 17 | J41: 2025 | K41: No
A42: P | B42: Tuten | C42: Rick | D42: 14 | E42: 713 | F42: 50.9 | G42: BUF | H42: MAE | I42: 17 | J42: 2025 | K42: No
A43: P | B43: Tuten | C43: Rick | D43: 9 | E43: 458 | F43: 50.8 | G43: BUF | H43: MAE | I43: 18 | J43: 2025 | K43: No
A44: P | B44: English | C44: Keith | D44: 2 | E44: 95 | F44: 46.5 | G44: RAM | H44: MA | I44: 18 | J44: 2025 | K44: No
A45: P | B45: Tuten | C45: Rick | D45: 4 | E45: 256 | F45: 64 | G45: BUF | H45: MAE | I45: 19 | J45: 2025 | K45: No
A46: P | B46: Arnold | C46: Jim | D46: 2 | E46: 121 | F46: 60.5 | G46: DET | H46: MA | I46: 19 | J46: 2025 | K46: No
A47: P | B47: Barnhardt | C47: Tommy | D47: 4 | E47: 240 | F47: 60 | G47: NO | H47: AD | I47: 20 | J47: 2025 | K47: No
... A50: P | B50: Horan | C50: Mike | D50: 1 | E50: 67 | F50: 67 | G50: DEN | H50: PJ | I50: 21 | J50: 2026 | K50: No

Sheet Defense
A1: TECMO DEFENSIVE STATISTICS
A2: POS | B2: Last Name | C2: First Name | D2: SACKS | E2: INT | F2: Team | G2: User | H2: Season | I2: Year | J2: Solo
A3: LB | B3: Offerdahl | C3: John | D3: 55 | E3: 0 | F3: MIA | G3: PJ | H3: 1 | I3: =vlookup(H3,Superbowls!$A$2:$B$115,2,FALSE) -> 2009 | J3: No
A4: DE | B4: Long | C4: Howie | D4: 26 | E4: 0 | F4: RAI | G4: MA | H4: 1 | I4: =vlookup(H4,Superbowls!$A$2:$B$115,2,FALSE) -> 2009 | J4: No
A5: LB | B5: Cofer | C5: Michael | D5: 63 | E5: 0 | F5: DET | G5: PJ | H5: 2 | I5: =vlookup(H5,Superbowls!$A$2:$B$115,2,FALSE) -> 2009 | J5: No
A6: DE | B6: Fuller | C6: William | D6: 21 | E6: 0 | F6: HOU | G6: WB | H6: 2 | I6: =vlookup(H6,Superbowls!$A$2:$B$115,2,FALSE) -> 2009 | J6: No
A7: LB | B7: Greene | C7: Kevin | D7: 30 | E7: 0 | F7: RAM | G7: PJ | H7: 3 | I7: =vlookup(H7,Superbowls!$A$2:$B$115,2,FALSE) -> 2009 | J7: No
A8: DE | B8: Long | C8: Howie | D8: 29 | E8: 0 | F8: RAI | G8: MA | H8: 3 | I8: =vlookup(H8,Superbowls!$A$2:$B$115,2,FALSE) -> 2009 | J8: No
A9: LB | B9: Thomas | C9: Derrick | D9: 29 | E9: 0 | F9: KC | G9: WB | H9: 3 | I9: =vlookup(H9,Superbowls!$A$2:$B$115,2,FALSE) -> 2009 | J9: No
A10: DE | B10: Long | C10: Howie | D10: 51 | E10: 2 | F10: RAI | G10: MA | H10: 4 | I10: =vlookup(H10,Superbowls!$A$2:$B$115,2,FALSE) -> 2009 | J10: No
A11: CB | B11: Haddix | C11: Wayne | D11: 36 | E11: 4 | F11: TB | G11: PJ | H11: 4 | I11: =vlookup(H11,Superbowls!$A$2:$B$115,2,FALSE) -> 2009 | J11: No
A12: DE | B12: White | C12: Reggie | D12: 16 | E12: 0 | F12: PHI | G12: CR | H12: 4 | I12: =vlookup(H12,Superbowls!$A$2:$B$115,2,FALSE) -> 2009 | J12: No
A13: LB | B13: Taylor | C13: Lawrence | D13: 73 | E13: 1 | F13: GIA | G13: PJ | H13: 5 | I13: =vlookup(H13,Superbowls!$A$2:$B$115,2,FALSE) -> 2010 | J13: No
A14: LB | B14: Reasons | C14: Gary | D14: 22 | E14: 2 | F14: GIA | G14: PJ | H14: 5 | I14: =vlookup(H14,Superbowls!$A$2:$B$115,2,FALSE) -> 2010 | J14: No
... A67: ROLB | B67: Lloyd | C67: Greg | D67: 35 | E67: 0 | F67: PIT | G67: PJ | H67: 15 | I67: =vlookup(H67,Superbowls!$A$2:$B$115,2,FALSE) -> 2023 | J67: No
A68: RE | B68: Smith | C68: Bruce | D68: 13 | E68: 0 | F68: BUF | G68: PJ | H68: 16 | I68: 2024 | J68: No
A69: LOLB | B69: Bennett | C69: Cornelius | D69: 26 | E69: 0 | F69: BUF | G69: PJ | H69: 16 | I69: 2024 | J69: No
A70: RCB | B70: Odomes | C70: Nate | D70: 2 | E70: 5 | F70: BUF | G70: PJ | H70: 16 | I70: 2024 | J70: No
A71: LCB | B71: Jackson | C71: Kirby | D71: 0 | E71: 7 | F71: BUF | G71: PJ | H71: 16 | I71: 2024 | J71: No
A72: LE | B72: Agnew | C72: Ray | D72: 7 | E72: 1 | F72: NE | G72: CR | H72: 16 | I72: 2024 | J72: No
A73: RILB | B73: Reynolds | C73: Ed | D73: 12 | E73: 0 | F73: NE | G73: CR | H73: 16 | I73: 2024 | J73: No
A74: LILB | B74: Harvey | C74: Richard | D74: 9 | E74: 1 | F74: NE | G74: CR | H74: 16 | I74: 2024 | J74: No
A75: RCB | B75: Hurst | C75: Maurice | D75: 6 | E75: 1 | F75: NE | G75: CR | H75: 16 | I75: 2024 | J75: No
A76: LCB | B76: Lippett | C76: Ronnie | D76: 1 | E76: 3 | F76: NE | G76: CR | H76: 16 | I76: 2024 | J76: No
A77: FS | B77: Marion | C77: Fred | D77: 2 | E77: 4 | F77: NE | G77: CR | H77: 16 | I77: 2024 | J77: No
A78: RILB | B78: Byrd | C78: Dennis | D78: 10 | E78: 0 | F78: JET | G78: MA | H78: 16 | I78: 2024 | J78: No
A79: LILB | B79: Clifton | C79: Kyle | D79: 9 | E79: 1 | F79: JET | G79: MA | H79: 16 | I79: 2024 | J79: No
... A112: LCB | B112: Braxton | C112: Tyone | D112: 0 | E112: 5 | F112: DEN | G112: PJ | H112: 21 | I112: 2026 | J112: No

Sheet Team
A1: TECMO TEAM STATISTICS
A2: Team | B2: W | C2: L | D2: T | E2: FOR | F2: AGAINST | G2: DIFF | H2: OFF RANK | I2: TOTAL OFF | J2: PASS OFF | K2: RUSH OFF | L2: DEF RANK | M2: TOTAL DEF | N2: PASS DEF | O2: RUSH DEF | P2: SEASON END | Q2: SUPERBOWL | R2: User | S2: Season | T2: Year | U2: Solo
A3: MIA | B3: 15 | C3: 1 | D3: 0 | E3: 651 | F3: 219 | G3: =E3-F3 -> 432 | H3: 5 | I3: 4842 | J3: 1 | K3: 1 | L3: 1 | M3: 3616 | N3: 9999 | O3: 9999 | Q3: 1 | R3: PJ | S3: 1 | T3: =vlookup(S3,Superbowls!$A$2:$B$115,2,FALSE) -> 2009 | U3: No
A4: RAI | B4: 10 | C4: 6 | D4: 0 | E4: 447 | F4: 361 | G4: =E4-F4 -> 86 | H4: 26 | I4: 4041 | J4: 1 | K4: 1 | L4: 4 | M4: 3924 | N4: 9999 | O4: 9999 | Q4: 0 | R4: MA | S4: 1 | T4: =vlookup(S4,Superbowls!$A$2:$B$115,2,FALSE) -> 2009 | U4: No
A5: DAL | B5: 8 | C5: 8 | D5: 0 | E5: 380 | F5: 297 | G5: =E5-F5 -> 83 | H5: 27 | I5: 4015 | J5: 1 | K5: 1 | L5: 2 | M5: 3732 | N5: 9999 | O5: 9999 | Q5: 0 | R5: WB | S5: 1 | T5: =vlookup(S5,Superbowls!$A$2:$B$115,2,FALSE) -> 2009 | U5: No
A6: DET | B6: 15 | C6: 1 | D6: 0 | E6: 567 | F6: 203 | G6: =E6-F6 -> 364 | H6: 1 | I6: 5066 | J6: 1 | K6: 1 | L6: 1 | M6: 3535 | N6: 9999 | O6: 9999 | Q6: 0 | R6: PJ | S6: 2 | T6: =vlookup(S6,Superbowls!$A$2:$B$115,2,FALSE) -> 2009 | U6: No
A7: HOU | B7: 10 | C7: 6 | D7: 0 | E7: 403 | F7: 328 | G7: =E7-F7 -> 75 | H7: 18 | I7: 4208 | J7: 1 | K7: 1 | L7: 4 | M7: 3970 | N7: 9999 | O7: 9999 | Q7: 1 | R7: WB | S7: 2 | T7: =vlookup(S7,Superbowls!$A$2:$B$115,2,FALSE) -> 2009 | U7: No
A8: RAI | B8: 14 | C8: 2 | D8: 0 | E8: 528 | F8: 170 | G8: =E8-F8 -> 358 | H8: 6 | I8: 4760 | J8: 1 | K8: 1 | L8: 1 | M8: 2877 | N8: 9999 | O8: 9999 | Q8: 0 | R8: MA | S8: 3 | T8: =vlookup(S8,Superbowls!$A$2:$B$115,2,FALSE) -> 2009 | U8: No
A9: RAM | B9: 16 | C9: 0 | D9: 0 | E9: 614 | F9: 274 | G9: =E9-F9 -> 340 | H9: 3 | I9: 4891 | J9: 1 | K9: 1 | L9: 2 | M9: 3536 | N9: 9999 | O9: 9999 | Q9: 1 | R9: PJ | S9: 3 | T9: =vlookup(S9,Superbowls!$A$2:$B$115,2,FALSE) -> 2009 | U9: No
A10: KC | B10: 8 | C10: 8 | D10: 0 | E10: 379 | F10: 326 | G10: =E10-F10 -> 53 | H10: 26 | I10: 3883 | J10: 1 | K10: 1 | L10: 6 | M10: 4119 | N10: 9999 | O10: 9999 | Q10: 0 | R10: WB | S10: 3 | T10: =vlookup(S10,Superbowls!$A$2:$B$115,2,FALSE) -> 2009 | U10: No
A11: TB | B11: 15 | C11: 1 | D11: 0 | E11: 619 | F11: 245 | G11: =E11-F11 -> 374 | H11: 2 | I11: 5481 | J11: 4873 | K11: 608 | L11: 1 | M11: 2945 | N11: 1098 | O11: 1847 | Q11: 1 | R11: PJ | S11: 4 | T11: =vlookup(S11,Superbowls!$A$2:$B$115,2,FALSE) -> 2009 | U11: No
A12: RAI | B12: 14 | C12: 2 | D12: 0 | E12: 515 | F12: 209 | G12: =E12-F12 -> 306 | H12: 22 | I12: 4214 | J12: 1517 | K12: 2697 | L12: 2 | M12: 3070 | N12: 1199 | O12: 1871 | Q12: 0 | R12: MA | S12: 4 | T12: =vlookup(S12,Superbowls!$A$2:$B$115,2,FALSE) -> 2009 | U12: No
A13: HOU | B13: 14 | C13: 2 | D13: 0 | E13: 588 | F13: 311 | G13: =E13-F13 -> 277 | H13: 1 | I13: 5647 | J13: 5530 | K13: 117 | L13: 4 | M13: 3883 | N13: 1004 | O13: 3879 | Q13: 0 | R13: WB | S13: 4 | T13: =vlookup(S13,Superbowls!$A$2:$B$115,2,FALSE) -> 2009 | U13: No
A14: PHI | B14: 11 | C14: 5 | D14: 0 | E14: 396 | F14: 300 | G14: =E14-F14 -> 96 | H14: 18 | I14: 4352 | J14: 3112 | K14: 1240 | L14: 3 | M14: 3880 | N14: 2053 | O14: 1827 | Q14: 0 | R14: CR | S14: 4 | T14: =vlookup(S14,Superbowls!$A$2:$B$115,2,FALSE) -> 2009 | U14: No
... A26: ATL | B26: 11 | C26: 5 | D26: 0 | E26: 519 | F26: 318 | G26: =E26-F26 -> 201 | H26: 24 | I26: 4196 | J26: 3630 | K26: 566 | L26: 2 | M26: 3463 | N26: 1579 | O26: 1884 | Q26: 0 | R26: PJ | S26: 8 | T26: =vlookup(S26,Superbowls!$A$2:$B$115,2,FALSE) -> 2017 | U26: No
A27: CLE | B27: 13 | C27: 3 | D27: 0 | E27: 442 | F27: 297 | G27: =E27-F27 -> 145 | H27: 8 | I27: 4659 | J27: 4061 | K27: 598 | L27: 1 | M27: 3314 | N27: =M27-O27 -> 2090 | O27: 1224 | Q27: 1 | R27: MA | S27: 8 | T27: =vlookup(S27,Superbowls!$A$2:$B$115,2,FALSE) -> 2017 | U27: No
A28: WAS | B28: 10 | C28: 6 | D28: 0 | E28: 413 | F28: 270 | G28: =E28-F28 -> 143 | H28: 18 | I28: 4324 | J28: 3286 | K28: 1038 | L28: 3 | M28: 3534 | N28: 2311 | O28: 1223 | Q28: 0 | R28: WB | S28: 8 | T28: =vlookup(S28,Superbowls!$A$2:$B$115,2,FALSE) -> 2017 | U28: No
A29: NO | B29: 8 | C29: 7 | D29: 1 | E29: 419 | F29: 330 | G29: =E29-F29 -> 89 | H29: 23 | I29: 4245 | J29: 3593 | K29: 652 | L29: 7 | M29: 4140 | N29: 1797 | O29: 2343 | Q29: 0 | R29: CR | S29: 8 | T29: =vlookup(S29,Superbowls!$A$2:$B$115,2,FALSE) -> 2017 | U29: No
A30: JET | B30: 13 | C30: 2 | D30: 1 | E30: 577 | F30: 211 | G30: =E30-F30 -> 366 | H30: 1 | I30: 5426 | J30: 4413 | K30: 1013 | L30: 2 | M30: 3224 | N30: 1620 | O30: 1604 | Q30: 1 | R30: CJ | S30: 9 | T30: =vlookup(S30,Superbowls!$A$2:$B$115,2,FALSE) -> 2017 | U30: No
A31: SD | B31: 11 | C31: 4 | D31: 1 | E31: 485 | F31: 233 | G31: 233 | H31: 9 | I31: 4590 | J31: 2167 | K31: 2423 | L31: 1 | M31: 3182 | N31: 1471 | O31: 1711 | Q31: 0 | R31: PJ | S31: 9 | T31: =vlookup(S31,Superbowls!$A$2:$B$115,2,FALSE) -> 2017 | U31: No
A32: PHX | B32: 10 | C32: 6 | D32: 0 | E32: 354 | F32: 215 | G32: =E32-F32 -> 139 | H32: 13 | I32: 4429 | J32: 3861 | K32: 568 | L32: 3 | M32: 3232 | N32: 1614 | O32: 1618 | Q32: 0 | R32: CR | S32: 9 | T32: =vlookup(S32,Superbowls!$A$2:$B$115,2,FALSE) -> 2017 | U32: No
A33: IND | B33: 9 | C33: 7 | D33: 0 | E33: 393 | F33: 379 | G33: =E33-F33 -> 14 | H33: 19 | I33: 4109 | J33: 2650 | K33: 1459 | L33: 6 | M33: 4001 | N33: 2253 | O33: 1748 | Q33: 0 | R33: WB | S33: 9 | T33: =vlookup(S33,Superbowls!$A$2:$B$115,2,FALSE) -> 2017 | U33: No
A34: PHI | B34: 13 | C34: 3 | D34: 0 | E34: 599 | F34: 124 | G34: =E34-F34 -> 475 | H34: 6 | I34: 4999 | J34: 3388 | K34: 1611 | L34: 1 | M34: 2444 | N34: 1267 | O34: 1177 | P34: Super Bowl Loss to BUF (CR) 17-10 | Q34: 0 | R34: PJ | S34: 10 | T34: =vlookup(S34,Superbowls!$A$2:$B$115,2,FALSE) -> 2018 | U34: No
A35: GIA | B35: 15 | C35: 1 | D35: 0 | E35: 591 | F35: 182 | G35: =E35-F35 -> 409 | H35: 3 | I35: 5316 | J35: 4785 | K35: 531 | L35: 4 | M35: 3757 | N35: 1930 | O35: 1827 | Q35: 0 | R35: CJ | S35: 10 | T35: =vlookup(S35,Superbowls!$A$2:$B$115,2,FALSE) -> 2018 | U35: No
A36: RAI | B36: 14 | C36: 2 | D36: 0 | E36: 543 | F36: 205 | G36: =E36-F36 -> 338 | H36: 7 | I36: 4943 | J36: 2349 | K36: 2594 | L36: 2 | M36: 3468 | N36: 2259 | O36: 1209 | Q36: 0 | R36: MA | S36: 10 | T36: =vlookup(S36,Superbowls!$A$2:$B$115,2,FALSE) -> 2018 | U36: No
A37: BUF | B37: 14 | C37: 2 | D37: 0 | E37: 633 | F37: 298 | G37: =E37-F37 -> 335 | H37: 2 | I37: 5643 | J37: 4939 | K37: 704 | L37: 6 | M37: 4101 | N37: 1579 | O37: 2522 | Q37: 1 | R37: CR | S37: 10 | T37: =vlookup(S37,Superbowls!$A$2:$B$115,2,FALSE) -> 2018 | U37: No
A38: SF | B38: 12 | C38: 4 | D38: 0 | E38: 569 | F38: 262 | G38: =E38-F38 -> 307 | H38: 4 | I38: 5220 | J38: 4879 | K38: 341 | L38: 3 | M38: 3527 | N38: 1835 | O38: 1692 | Q38: 0 | R38: TD | S38: 10 | T38: =vlookup(S38,Superbowls!$A$2:$B$115,2,FALSE) -> 2018 | U38: No
A39: HOU | B39: 14 | C39: 2 | D39: 0 | E39: 586 | F39: 343 | G39: =E39-F39 -> 243 | H39: 1 | I39: 5965 | J39: 5859 | K39: 106 | L39: 5 | M39: 3992 | N39: 2494 | O39: 1498 | Q39: 0 | R39: WB | S39: 10 | T39: =vlookup(S39,Superbowls!$A$2:$B$115,2,FALSE) -> 2018 | U39: No
A40: KC | B40: 16 | C40: 0 | D40: 0 | E40: 610 | F40: 245 | G40: =E40-F40 -> 365 | H40: 2 | I40: 5165 | J40: 4136 | K40: 1029 | L40: 3 | M40: 3898 | N40: 1668 | O40: 2230 | Q40: 0 | R40: CJ | S40: 11 | T40: =vlookup(S40,Superbowls!$A$2:$B$115,2,FALSE) -> 2019 | U40: No
A41: CIN | B41: 14 | C41: 2 | D41: 0 | E41: 538 | F41: 183 | G41: =E41-F41 -> 355 | H41: 23 | I41: 4123 | J41: 3077 | K41: 1046 | L41: 1 | M41: 3443 | N41: 1881 | O41: 1562 | Q41: 1 | R41: PJ | S41: 11 | T41: =vlookup(S41,Superbowls!$A$2:$B$115,2,FALSE) -> 2019 | U41: No
A42: MIA | B42: 11 | C42: 5 | D42: 0 | E42: 438 | F42: 252 | G42: =E42-F42 -> 186 | H42: 21 | I42: 4155 | J42: 3442 | K42: 713 | L42: 4 | M42: 3933 | N42: 1628 | O42: 2305 | Q42: 0 | R42: WB | S42: 11 | T42: =vlookup(S42,Superbowls!$A$2:$B$115,2,FALSE) -> 2019 | U42: No
A43: NO | B43: 12 | C43: 4 | D43: 0 | E43: 400 | F43: 254 | G43: =E43-F43 -> 146 | H43: 27 | I43: 3978 | J43: 2508 | K43: 1470 | L43: 2 | M43: 3743 | N43: 2014 | O43: 1729 | Q43: 0 | R43: MA | S43: 11 | T43: =vlookup(S43,Superbowls!$A$2:$B$115,2,FALSE) -> 2019 | U43: No
A44: JET | B44: 15 | C44: 1 | D44: 0 | E44: 464 | F44: 143 | G44: =E44-F44 -> 321 | H44: 23 | I44: 4018 | J44: 2773 | K44: 1245 | L44: 2 | M44: 3129 | N44: 1396 | O44: 1733 | P44: AFC Divisional Playoff Loss to PIT (WB) 13 - 10 OT | Q44: 0 | R44: PJ | S44: 12 | T44: =vlookup(S44,Superbowls!$A$2:$B$115,2,FALSE) -> 2020 | U44: No
A45: DAL | B45: 12 | C45: 4 | D45: 0 | E45: 457 | F45: 254 | G45: =E45-F45 -> 203 | H45: 2 | I45: 4930 | J45: 4762 | K45: 168 | L45: 4 | M45: 3518 | N45: 1859 | O45: 1659 | Q45: 0 | R45: CJ | S45: 12 | T45: =vlookup(S45,Superbowls!$A$2:$B$115,2,FALSE) -> 2020 | U45: No
A46: DEN | B46: 12 | C46: 4 | D46: 0 | E46: 435 | F46: 255 | G46: =E46-F46 -> 180 | H46: 25 | I46: 3980 | J46: 3339 | K46: 641 | L46: 5 | M46: 3879 | N46: 1932 | O46: 1947 | Q46: 0 | R46: CR | S46: 12 | T46: =vlookup(S46,Superbowls!$A$2:$B$115,2,FALSE) -> 2020 | U46: No
A47: PIT | B47: 11 | C47: 5 | D47: 0 | E47: 313 | F47: 176 | G47: =E47-F47 -> 137 | H47: 28 | I47: 2713 | J47: 1193 | K47: 1520 | L47: 1 | M47: 3032 | N47: 1579 | O47: 1453 | Q47: 0 | R47: WB | S47: 12 | T47: =vlookup(S47,Superbowls!$A$2:$B$115,2,FALSE) -> 2020 | U47: No
A48: RAI | B48: 16 | C48: 0 | D48: 0 | E48: 777 | F48: 122 | G48: =E48-F48 -> 655 | H48: 2 | I48: 5808 | J48: 1217 | K48: 4591 | L48: 1 | M48: 2697 | N48: 1818 | O48: 879 | Q48: 1 | R48: PJ | S48: 13 | T48: =vlookup(S48,Superbowls!$A$2:$B$115,2,FALSE) -> 2021 | U48: No
A49: MIA | B49: 16 | C49: 0 | D49: 0 | E49: 818 | F49: 235 | G49: =E49-F49 -> 583 | H49: 1 | I49: 6846 | J49: 6743 | K49: 103 | L49: 3 | M49: 3580 | N49: 1694 | O49: 1886 | Q49: 0 | R49: CJ | S49: 13 | T49: =vlookup(S49,Superbowls!$A$2:$B$115,2,FALSE) -> 2021 | U49: No
A50: PHI | B50: 14 | C50: 2 | D50: 0 | E50: 585 | F50: 180 | G50: =E50-F50 -> 405 | H50: 4 | I50: 5028 | J50: 2972 | K50: 2056 | L50: 2 | M50: 3098 | N50: 1339 | O50: 1759 | Q50: 0 | R50: WB | S50: 13 | T50: =vlookup(S50,Superbowls!$A$2:$B$115,2,FALSE) -> 2021 | U50: No
A51: KC | B51: 14 | C51: 2 | D51: 0 | E51: 553 | F51: 182 | G51: =E51-F51 -> 371 | H51: 8 | I51: 4725 | J51: 2945 | K51: 1780 | L51: 3 | M51: 3226 | N51: 1973 | O51: 1253 | Q51: 0 | R51: CJ | S51: 14 | T51: =vlookup(S51,Superbowls!$A$2:$B$115,2,FALSE) -> 2022 | U51: No
A52: NO | B52: 15 | C52: 1 | D52: 0 | E52: 471 | F52: 210 | G52: =E52-F52 -> 261 | H52: 23 | I52: 4005 | J52: 2831 | K52: 1174 | L52: 2 | M52: 3058 | N52: 1568 | O52: 1490 | Q52: 1 | R52: PJ | S52: 14 | T52: =vlookup(S52,Superbowls!$A$2:$B$115,2,FALSE) -> 2022 | U52: No
A53: DEN | B53: 12 | C53: 4 | D53: 0 | E53: 380 | F53: 189 | G53: =E53-F53 -> 191 | H53: 22 | I53: 4077 | J53: 3148 | K53: 929 | L53: 1 | M53: 3013 | N53: 1587 | O53: 1426 | Q53: 0 | R53: CR | S53: 14 | T53: =vlookup(S53,Superbowls!$A$2:$B$115,2,FALSE) -> 2022 | U53: No
A54: ATL | B54: 12 | C54: 4 | D54: 0 | E54: 338 | F54: 263 | G54: =E54-F54 -> 75 | H54: 26 | I54: 3633 | J54: 3027 | K54: 606 | L54: 5 | M54: 3500 | N54: 2011 | O54: 1489 | Q54: 0 | R54: MA | S54: 14 | T54: =vlookup(S54,Superbowls!$A$2:$B$115,2,FALSE) -> 2022 | U54: No
A55: SEA | B55: 10 | C55: 6 | D55: 0 | E55: 283 | F55: 261 | G55: =E55-F55 -> 22 | H55: 28 | I55: 2970 | J55: 2431 | K55: 539 | L55: 4 | M55: 3493 | N55: 1883 | O55: 1610 | Q55: 0 | R55: WB | S55: 14 | T55: =vlookup(S55,Superbowls!$A$2:$B$115,2,FALSE) -> 2022 | U55: No
A56: CHI | B56: 14 | C56: 2 | D56: 0 | E56: 529 | F56: 236 | G56: =E56-F56 -> 293 | H56: 3 | I56: 4962 | J56: 2750 | K56: 2212 | L56: 2 | M56: 3400 | N56: 1660 | O56: 1740 | P56: NFC Divisional Playoff Loss to GIA (Comp) 23-21 | Q56: 0 | R56: CJ | S56: 15 | T56: =vlookup(S56,Superbowls!$A$2:$B$115,2,FALSE) -> 2023 | U56: No
A57: DET | B57: 13 | C57: 3 | D57: 0 | E57: 433 | F57: 249 | G57: =E57-F57 -> 184 | H57: 16 | I57: 4331 | J57: 2066 | K57: 2265 | L57: 4 | M57: 3745 | N57: 1926 | O57: 1819 | P57: SB Victory Over KC (COMP) 10-9 | Q57: 1 | R57: WB | S57: 15 | T57: =vlookup(S57,Superbowls!$A$2:$B$115,2,FALSE) -> 2023 | U57: No
A58: PIT | B58: 14 | C58: 2 | D58: 0 | E58: 440 | F58: 114 | G58: =E58-F58 -> 326 | H58: 28 | I58: 3263 | J58: 1656 | K58: 1607 | L58: 1 | M58: 2392 | N58: 1494 | O58: 898 | P58: AFC Divisional Playoff Loss to KC (Comp) 27-14 | Q58: 0 | R58: PJ | S58: 15 | T58: =vlookup(S58,Superbowls!$A$2:$B$115,2,FALSE) -> 2023 | U58: No
A59: CIN | B59: 14 | C59: 2 | D59: 0 | E59: 428 | F59: 203 | G59: =E59-F59 -> 225 | H59: 4 | I59: 4952 | J59: 3731 | K59: 1221 | L59: 3 | M59: 3667 | N59: 1899 | O59: 1768 | P59: AFC Championship Loss to KC (Comp) 20-14 | Q59: 0 | R59: MA | S59: 15 | T59: =vlookup(S59,Superbowls!$A$2:$B$115,2,FALSE) -> 2023 | U59: No
A60: BUF | B60: 16 | C60: 0 | D60: 0 | E60: 595 | F60: 94 | G60: =E60-F60 -> 501 | H60: 6 | I60: 4673 | J60: 2519 | K60: 2154 | L60: 1 | M60: 2298 | N60: 1422 | O60: 876 | P60: SB Victory Over SF (COMP) 30 - 9 | Q60: 1 | R60: PJ | S60: 16 | T60: 2024 | U60: No
A61: JET | B61: 13 | C61: 3 | D61: 0 | E61: 442 | F61: 264 | G61: =E61-F61 -> 178 | H61: 15 | I61: 4298 | J61: 3236 | K61: 1062 | L61: 2 | M61: 3299 | N61: 1478 | O61: 1821 | P61: AFC Championship Loss to BUF (PJ) 14-10 | Q61: 0 | R61: MA | S61: 16 | T61: 2024 | U61: No
A62: NE | B62: 10 | C62: 6 | D62: 0 | E62: 363 | F62: 282 | G62: =E62-F62 -> 81 | H62: 26 | I62: 3791 | J62: 3200 | K62: 591 | L62: 3 | M62: 3348 | N62: 1562 | O62: 1786 | P62: AFC Wildcard Loss to JET (MA) 24-14 | Q62: 0 | R62: CR | S62: 16 | T62: 2024 | U62: No
A63: PHX | B63: 13 | C63: 3 | D63: 0 | E63: 343 | F63: 218 | G63: =E63-F63 -> 125 | H63: 28 | I63: 3044 | J63: 1452 | K63: 1592 | L63: 4 | M63: 3607 | N63: 1826 | O63: 1781 | P63: NFC Championship Loss to SF (COMP) 20-14 | Q63: 0 | R63: WB | S63: 16 | T63: 2024 | U63: No
A64: GIA | B64: 11 | C64: 5 | D64: 0 | E64: 506 | F64: 245 | G64: =E64-F64 -> 261 | H64: 4 | I64: 4936 | J64: 3460 | K64: 1476 | L64: 5 | M64: 3648 | N64: 1578 | O64: 2070 | P64: NFC Wildcard Loss to DET (COMP) 45-35 | Q64: 0 | R64: BF | S64: 16 | T64: 2024 | U64: No
A65: MIA | B65: 14 | C65: 1 | D65: 1 | E65: 557 | F65: 193 | G65: =E65-F65 -> 364 | H65: 2 | I65: 5510 | J65: 5129 | K65: 381 | L65: 1 | M65: 3582 | N65: 2112 | O65: 1470 | P65: SB Victory over SF (COMP) 14-13 | Q65: 1 | R65: MA | S65: 17 | T65: 2025 | U65: No
A66: BUF | B66: 9 | C66: 6 | D66: 1 | E66: 407 | F66: 328 | G66: =E66-F66 -> 79 | H66: 3 | I66: 5001 | J66: 4643 | K66: 358 | L66: 2 | M66: 3961 | N66: 1630 | O66: 2331 | P66: AFC Championship Loss to MIA (MA) 14-7 | Q66: 0 | R66: MAE | S66: 17 | T66: 2025 | U66: No
A67: BUF | B67: 12 | C67: 4 | D67: 0 | E67: 538 | F67: 312 | G67: =E67-F67 -> 226 | H67: 3 | I67: 5158 | J67: 4919 | K67: 239 | L67: 4 | M67: 3877 | N67: 1626 | O67: 2251 | P67: AFC Divisional Playoff Loss to CIN (Comp) 30-14 | Q67: 0 | R67: MAE | S67: 18 | T67: 2025 | U67: No
A68: RAMS | B68: 14 | C68: 2 | D68: 0 | E68: 499 | F68: 220 | G68: =E68-F68 -> 279 | H68: 1 | I68: 5243 | J68: 4206 | K68: 1037 | L68: 1 | M68: 3224 | N68: 1468 | O68: 1756 | P68: NFC Championship Loss to SF (COMP) 21-14 | Q68: 0 | R68: MA | S68: 18 | T68: 2025 | U68: No
A69: BUF | B69: 13 | C69: 3 | D69: 0 | E69: 466 | F69: 305 | G69: =E69-F69 -> 161 | H69: 2 | I69: 5235 | J69: 4955 | K69: 280 | L69: 2 | M69: 3899 | N69: 1506 | O69: 2393 | P69: SB Loss to DET (MA) 7-21 | Q69: 0 | R69: MAE | S69: 19 | T69: 2025 | U69: No
A70: DET | B70: 12 | C70: 4 | D70: 0 | E70: 597 | F70: 284 | G70: =E70-F70 -> 313 | H70: 1 | I70: 5955 | J70: 892 | K70: 5063 | L70: 1 | M70: 3346 | N70: 1689 | O70: 1657 | P70: SB Victory Over BUF (MAE) 21-7 | Q70: 1 | R70: MA | S70: 19 | T70: 2025 | U70: No
A71: DET | B71: 15 | C71: 1 | D71: 0 | E71: 657 | F71: 211 | G71: =E71-F71 -> 446 | H71: 2 | I71: 5183 | J71: 3286 | K71: 1897 | L71: 1 | M71: 3406 | N71: 1852 | O71: 1554 | P71: SB Victory over HOU (COMP) 44-13 | Q71: 1 | R71: PJ | S71: 20 | T71: 2025 | U71: No
... A74: PHI | B74: 11 | C74: 5 | D74: 0 | E74: 413 | F74: 325 | G74: =E74-F74 -> 88 | H74: 23 | I74: 4131 | J74: 2997 | K74: 1134 | L74: 3 | M74: 3593 | N74: 1506 | O74: 2087 | P74: NFC Championship Game Loss to SF (COMP) 24-21 | Q74: 0 | R74: AD | S74: 21 | T74: 2026 | U74: No

Sheet MVPs
A1: Awards
A2: Season | B2: Year | C2: Solo | D2: Award | E2: Last Name | F2: First Name | G2: Team | H2: POS | I2: User | J2: Notes
A3: 1 | B3: =vlookup(A3,Superbowls!$A$2:$B$115,2,FALSE) -> 2009 | C3: No | D3: MVP | E3: Smith | F3: Emmitt | G3: DAL | H3: RB | I3: WB | J3: Rushed for 2490 yards on 255 carries for 40 touchdowns, accounting for over 60% of the Cowboys points for the season.
A4: 2 | B4: =vlookup(A4,Superbowls!$A$2:$B$115,2,FALSE) -> 2009 | C4: No | D4: MVP | E4: Cofer | F4: Michael | G4: DET | H4: LOLB | I4: PJ | J4: Lead the Lions defense to a record 203 points allowed while recording 63 sacks and numerous safeties.
A5: 3 | B5: =vlookup(A5,Superbowls!$A$2:$B$115,2,FALSE) -> 2009 | C5: No | D5: MVP | E5: Jackson | F5: Bo | G5: RAI | H5: RB | I5: MA | J5: Obliterated records for rushing and touchdowns with 2936 yards and 56 touchdowns.
A6: 4 | B6: =vlookup(A6,Superbowls!$A$2:$B$115,2,FALSE) -> 2009 | C6: No | D6: MVP | E6: Givins | F6: Ernest | G6: HOU | H6: WR | I6: WB | J6: Crushed records for receiving yards and touchdowns with 2355 yards and 37 touchdowns with over 47 yards per reception.
A7: 5 | B7: =vlookup(A7,Superbowls!$A$2:$B$115,2,FALSE) -> 2010 | C7: No | D7: MVP | E7: Taylor | F7: Lawrence | G7: GIA | H7: LOLB | I7: PJ | J7: Broke sacking record by 10 while leading the Giants defense to only 88 total points allowed over the entire season.
A8: 6 | B8: =vlookup(A8,Superbowls!$A$2:$B$115,2,FALSE) -> 2011 | C8: No | D8: MVP | E8: Hill | F8: Drew | G8: HOU | H8: WR | I8: WB | J8: Caught a record 89 passes for a record 3881 yards and a record of 56 receiving touchdowns.
A9: 7 | B9: =vlookup(A9,Superbowls!$A$2:$B$115,2,FALSE) -> 2017 | C9: No | D9: MVP | E9: Blades | F9: Brian | G9: SEA | H9: WR | I9: WB | J9: Caught over 20 TD passes, single handedly carrying the Seahawks to the Super Bowl.
A10: 8 | B10: =vlookup(A10,Superbowls!$A$2:$B$115,2,FALSE) -> 2017 | C10: No | D10: MVP | E10: Sanders | F10: Rickey | G10: WAS | H10: WR | I10: WB | J10: Caught 44 receptions for over 2,000 yards and 30 TDs from the absymal Mark Rypien, leading the Skins to the NFC Championship game.
A11: 9 | B11: =vlookup(A11,Superbowls!$A$2:$B$115,2,FALSE) -> 2017 | C11: No | D11: MVP | E11: O'Brien | F11: Ken | G11: JET | H11: QB | I11: CJ | J11: Tied fewest int passing record, threw for over 4000 yds, over 70% completion percentage, over 250 QB rating, and led team to 13 wins.
A12: 10 | B12: =vlookup(A12,Superbowls!$A$2:$B$115,2,FALSE) -> 2018 | C12: No | D12: MVP | E12: Eagles | F12: QB | G12: PHI | H12: QB | I12: PJ | J12: Over 3,000 yards passing; 252.2 QB Rating; threw for 39 TDs and rushed for over 1100 yards with 23 TDs rushing.
A13: 11 | B13: =vlookup(A13,Superbowls!$A$2:$B$115,2,FALSE) -> 2019 | C13: No | D13: MVP | E13: Fulcher | F13: David | G13: CIN | H13: SS | I13: PJ | J13: Tied interception record, lead the top ranked defense.
A14: 12 | B14: =vlookup(A14,Superbowls!$A$2:$B$115,2,FALSE) -> 2020 | C14: No | D14: MVP | E14: Byrd | F14: Dennis | G14: JET | H14: RILB | I14: PJ | J14: Second all time in single season sack record with 82; lead defense to only allowing 143 points and team to best regular season record with 15 wins.
... A17: 15 | B17: =vlookup(A17,Superbowls!$A$2:$B$115,2,FALSE) -> 2023 | C17: No | D17: MVP | E17: Peete | F17: Rodney | G17: DET | H17: QB | I17: WB | J17: Carried a mediocre Detriot Lions team missing Barry Sanders for nine game to the Super Bowl Championship.
A18: 16 | B18: 2024 | C18: No | D18: MVP | E18: Thomas | F18: Thurman | G18: BUF | H18: RB | I18: PJ | J18: 53 Total touchdowns with 1984 yards rushing at over 10 yards a carry helping keep opposing offenses off the field
A19: 17 | B19: 2025 | C19: No | D19: MVP | E19: Marino | F19: Dan | G19: MIA | H19: QB | I19: MA | J19: Stunning 87.1% completion rate with only 2 INT through an injury-free season, spreading 65 passing TD across 5 receivers and picking up clutch rush TDs in late season/playoffs
A20: 18 | B20: 2025 | C20: No | D20: MVP | E20: Bills | F20: QB | G20: BUF | H20: QB | I20: MAE | J20: Responsible for 68 TD in the campaign with only 2 INT surrendered
A21: 19 | B21: 2025 | C21: No | D21: MVP | E21: Sanders | F21: Barry | G21: DET | H21: RB | I21: MA | J21: 4482 yards and 68 TD in 12 regular season games. Injured 3 times, twice during regular season and again in NFCC vs GIA (missed SB)
A22: 20 | B22: 2025 | C22: No | D22: MVP | E22: Sanders | F22: Barry | G22: DET | H22: RB | I22: PJ | J22: 1418 yards with 38 TD leading the Lions to a 15-1 regular season record
A23: 20 | B23: 2025 | C23: No | D23: OPOY | E23: Hilliard | F23: Dalton | G23: NO | H23: RB | I23: AD | J23: 1333 total yards from scrimmage with 18 TDs as a dual threat receiver and running back.
A24: 20 | B24: 2025 | C24: No | D24: DPOY | E24: Cofer | F24: Michael | G24: DET | H24: ROLB | I24: PJ | J24: 64 sacks leading the number 1 defense (total 3406 yards allowed) and only 211 points.
A25: 21 | B25: 2026 | C25: No | D25: MVP | E25: Eagles | F25: QB | G25: PHI | H25: QB | I25: AD | J25: Accounting for 45 touchdowns with almost 3k passing yards and over 650 rushing yards.
A26: 21 | B26: 2026 | C26: No | D26: OPOY | E26: Humphrey | F26: Bobby | G26: DEN | H26: RB | I26: PJ | J26: Put up over 2300 yards from scrimmage with 51 total touchdowns and over 2k yards rushing.
A27: 21 | B27: 2026 | C27: No | D27: DPOY | E27: Waymer | F27: Dave | G27: SF | H27: SS | I27: COMP | J27: 16 interceptions, with 165 yards (10.3 yds per interception) and returned an interception for a touchdown.

Sheet Superbowls
A1: TECMO SUPER BOWL STATISTICS
A2: Season | B2: Year | C2: Solo | D2: AFC | E2: NFC | F2: Score AFC | G2: Score NFC | H2: AFC User | I2: NFC User | J2: Victory Margin | K2: Location | L2: Selection Type | M2: Notes
A3: 1 | B3: 2009 | C3: No | D3: MIA | E3: DAL | F3: 20 | G3: 14 | H3: PJ | I3: WB | J3: =ABS(F3-G3) -> 6 | K3: Polo Dorm | L3: All Pick
A4: 2 | B4: 2009 | C4: No | D4: HOU | E4: SF | F4: 42 | G4: 28 | H4: WB | I4: COMP | J4: =ABS(F4-G4) -> 14 | K4: Polo Dorm | L4: All Pick
A5: 3 | B5: 2009 | C5: No | D5: KC | E5: RAM | F5: 7 | G5: 21 | H5: WB | I5: PJ | J5: =ABS(F5-G5) -> 14 | K5: Polo Dorm | L5: All Pick
A6: 4 | B6: 2009 | C6: No | D6: HOU | E6: TB | F6: 14 | G6: 28 | H6: WB | I6: PJ | J6: =ABS(F6-G6) -> 14 | K6: Polo Dorm | L6: Handicap Pick
A7: 5 | B7: 2010 | C7: No | D7: BUF | E7: GIA | F7: 21 | G7: 27 | H7: CR | I7: PJ | J7: =ABS(F7-G7) -> 6 | K7: Rice Residence | L7: All Pick | M7: Overtime
A8: 6 | B8: 2011 | C8: No | D8: NE | E8: SF | F8: 10 | G8: 49 | H8: PJ | I8: COMP | J8: =ABS(F8-G8) -> 39 | K8: PJ's Basement | L8: Handicap Pick
A9: 7 | B9: 2017 | C9: No | D9: SEA | E9: GIA | F9: 14 | G9: 17 | H9: WB | I9: PJ | J9: =ABS(F9-G9) -> 3 | K9: K-Vegas | L9: Random Pick
A10: 8 | B10: 2017 | C10: No | D10: CLE | E10: SF | F10: 28 | G10: 17 | H10: MA | I10: COMP | J10: =ABS(F10-G10) -> 11 | K10: K-Vegas | L10: Equal Pick | M10: SF Eliminated two human players in NFC playoff
A11: 9 | B11: 2017 | C11: No | D11: JET | E11: SF | F11: 34 | G11: 28 | H11: CJ | I11: COMP | J11: =ABS(F11-G11) -> 6 | K11: K-Vegas | L11: Equal Pick | M11: Overtime
A12: 10 | B12: 2018 | C12: No | D12: BUF | E12: PHI | F12: 17 | G12: 10 | H12: CR | I12: PJ | J12: 7 | K12: Bachelor Party | L12: All Pick | M12: PHI Elimated SF 14-10, PHI Eliminated GIA 40-14, HOU Eliminated RAI 31-28, BUF Eliminated HOU 31-21
A13: 11 | B13: 2019 | C13: No | D13: CIN | E13: WAS | F13: 28 | G13: 7 | H13: PJ | I13: COMP | J13: =F13-G13 -> 21 | K13: Billy Mansion | L13: Random Pick | M13: KC Eliminated MIA, CIN Eliminated KC, SF (Comp) Eliminated NO
A14: 12 | B14: 2020 | C14: No | D14: KC | E14: DAL | F14: 37 | G14: 28 | H14: COMP | I14: CJ | J14: =ABS(F14-G14) -> 9 | K14: Billy Mansion | L14: Equal Pick | M14: KC (Comp) Eliminated DEN (CR) 20-14 in OT AFC Divisional; PIT (WB) Eliminated JET (PJ) 13-10 in OT; KC (Comp) Eliminated PIT (WB) 20-10 AFC Championship; KC (Comp) Elimated DAL (CJ) in Super Bowl
A15: 13 | B15: 2021 | C15: No | D15: RAI | E15: PHI | F15: 21 | G15: 0 | H15: PJ | I15: WB | J15: =ABS(F15-G15) -> 21 | K15: Billy Mansion | L15: Equal Pick | M15: RAI (PJ) Eliminated MIA (CJ) in AFC Championship 31-3; RAI (PJ) Eliminated PHI (WB) 21-0 in Superbowl
A16: 14 | B16: 2022 | C16: No | D16: DEN | E16: NO | F16: 7 | G16: 13 | H16: CR | I16: PJ | J16: =ABS(F16-G16) -> 6 | K16: Billy Mansion | L16: Division Pick | M16: DEN (CR) Eliminates SEA (WB) in AFC Wildcard 17-7; Superbowl Overtime! The Stomp.
A17: 15 | B17: 2023 | C17: No | D17: KC | E17: DET | F17: 9 | G17: 10 | H17: COMP | I17: WB | J17: =ABS(F17-G17) -> 1 | K17: High Haven Farm | L17: Division Pick | M17: Mike Cofer blocked Nick Lowery XP attempt to win game on last play
A18: 16 | B18: 2024 | C18: No | D18: BUF | E18: SF | F18: 30 | G18: 6 | H18: PJ | I18: COMP | J18: =ABS(F18-G18) -> 24 | K18: Billy Mansion | L18: Division Pick | M18: SF (COMP) Elimated PHX (WB); DET (COMP) Elimated GIA (Brian); JET (MA) Eliminated NE (CR)
A19: 17 | B19: 2025 | C19: No | D19: MIA | E19: SF | F19: 14 | G19: 13 | H19: MA | I19: COMP | J19: =ABS(F19-G19) -> 1 | K19: Turkey Hill | L19: All Pick | M19: BUF (MAE) loses AFC Championship to MIA (MA) by only 7 points in first ever Tecmo season
A20: 18 | B20: 2025 | C20: No | D20: CIN | E20: SF | F20: 28 | G20: 35 | H20: COMP | I20: COMP | J20: =ABS(F20-G20) -> 7 | K20: Turkey Hill | L20: All Pick | M20: COMP Champion after BUF (MAE) eliminated in AFC Divisional and RAM (MA) eliminated by the eventual champion in NFC Championship
A21: 19 | B21: 2025 | C21: No | D21: BUF | E21: DET | F21: 7 | G21: 21 | H21: MAE | I21: MA | J21: =ABS(F21-G21) -> 14 | K21: Turkey Hill | L21: All Pick | M21: DET (MA) defeats BUF (MAE) in her first SB appearance after facing SF in divisional and GIA in NFCC
A22: 20 | B22: 2025 | C22: No | D22: HOU | E22: DET | F22: 13 | G22: 44 | H22: COMP | I22: PJ | J22: =ABS(F22-G22) -> 31 | K22: PJ's Basement | L22: Random Pick | M22: DET (PJ) defeats NO (AD) 28-14 in NFCCG; NO (AD) defeats SF (COMP) in Divisional Round on kick return as time expires 27-24 (Rueben Mayes had 3 KRTD).
A23: 21 | B23: 2026 | C23: No | D23: DEN | E23: SF | F23: 20 | G23: 10 | H23: PJ | I23: COMP | J23: =ABS(F23-G23) -> 10 | K23: PJ's Basement | L23: Random Pick | M23: SF (COMP) Eliminated PHI (AD) 24-21 in the NFCCG.

Sheet Nicknames
A1: Ferrell Edmunds | B1: Undomesticated | C1: Dolphins
A2: Brian Blades | B2: Ruben Bládès | C2: Seahawks
A3: Marion Butts | B3: Butts Butts Early Butts | C3: Chargers
A4: Quinn Early | B4: Butts Butts Early Butts | C4: Chargers
A5: Tony Zendejas | B5: Kicks to You | C5: Oilers
A6: Jay Schroeder | B6: Slingin with Jay | C6: Raiders
A7: Jay Schroeder | B7: Schroedinger's Pass | C7: Raiders
A8: Willie Gault | B8: Assault | C8: Raiders
A9: Jeff Jaeger | B9: Yeff Yaeger | C9: Raiders
A10: Jeff Jaeger | B10: Jaegerbombs
A11: Mervyn Fernandez | B11: Swervin' | C11: Raiders
A12: Ernest Byner | B12: The Importance of Being Earnest | C12: Redskins
A13: Dave Meggett | B13: Therapist | C13: Giants
A14: Timm Rosenbach | B14: Timmmmmmmmmmm | C14: Cardinals
A15: Al Del Greco | B15: The Greek | C15: Cardinals
A16: Jim Harbaugh | B16: Jim Harbuff | C16: Bears
A17: Brad Muster | B17: Colonel Muster | C17: Bears
A18: Johnny Bailey | B18: JOHNNY BAILEY | C18: Bears
A19: Mike Singletary | B19: Samurai Mike | C19: Bears
A20: Richard Johnson | B20: Dick Johnson | C20: Lions
A21: Bobby Humphrey | B21: Bebbe Hemphre | C21: Broncos
A22: Morten Andersen | B22: The Great Dane | C22: Saints
... A31: Karl Mecklenburg | B31: Albino Rhino | C31: Broncos
